tier,cause,feature,value,reference,log_hr
T0,cvd,age,40.0,55.0,-1.4665404779710514
T0,cvd,age,40.795918367346935,55.0,-1.388724044446057
T0,cvd,age,41.59183673469388,55.0,-1.3109076109210624
T0,cvd,age,42.38775510204081,55.0,-1.2330911773960676
T0,cvd,age,43.183673469387756,55.0,-1.1552747438710727
T0,cvd,age,43.97959183673469,55.0,-1.0774583103460786
T0,cvd,age,44.775510204081634,55.0,-0.9996418768210837
T0,cvd,age,45.57142857142857,55.0,-0.9218254432960897
T0,cvd,age,46.36734693877551,55.0,-0.8440090097710948
T0,cvd,age,47.16326530612245,55.0,-0.7661925762460999
T0,cvd,age,47.95918367346939,55.0,-0.688376142721105
T0,cvd,age,48.755102040816325,55.0,-0.610559709196111
T0,cvd,age,49.55102040816327,55.0,-0.5327432756711161
T0,cvd,age,50.3469387755102,55.0,-0.4549268421461221
T0,cvd,age,51.14285714285714,55.0,-0.3771104086211272
T0,cvd,age,51.93877551020408,55.0,-0.2992939750961323
T0,cvd,age,52.734693877551024,55.0,-0.22147754157113742
T0,cvd,age,53.53061224489796,55.0,-0.1436611080461434
T0,cvd,age,54.326530612244895,55.0,-0.0658446745211494
T0,cvd,age,55.12244897959184,55.0,0.011971759003845506
T0,cvd,age,55.91836734693878,55.0,0.0897881925288404
T0,cvd,age,56.714285714285715,55.0,0.1676046260538353
T0,cvd,age,57.51020408163265,55.0,0.24542105957882931
T0,cvd,age,58.30612244897959,55.0,0.3232374931038242
T0,cvd,age,59.10204081632653,55.0,0.4010539266288182
T0,cvd,age,59.897959183673464,55.0,0.47887036015381224
T0,cvd,age,60.69387755102041,55.0,0.5566867936788071
T0,cvd,age,61.48979591836735,55.0,0.6345032272038029
T0,cvd,age,62.285714285714285,55.0,0.7123196607287969
T0,cvd,age,63.08163265306122,55.0,0.7901360942537909
T0,cvd,age,63.87755102040816,55.0,0.8679525277787858
T0,cvd,age,64.6734693877551,55.0,0.9457689613037807
T0,cvd,age,65.46938775510205,55.0,1.0235853948287756
T0,cvd,age,66.26530612244898,55.0,1.1014018283537697
T0,cvd,age,67.06122448979592,55.0,1.1792182618787646
T0,cvd,age,67.85714285714286,55.0,1.2570346954037595
T0,cvd,age,68.65306122448979,55.0,1.3348511289287526
T0,cvd,age,69.44897959183673,55.0,1.4126675624537475
T0,cvd,age,70.24489795918367,55.0,1.4904839959787424
T0,cvd,age,71.04081632653062,55.0,1.5683004295037382
T0,cvd,age,71.83673469387756,55.0,1.646116863028733
T0,cvd,age,72.63265306122449,55.0,1.7239332965537262
T0,cvd,age,73.42857142857143,55.0,1.801749730078721
T0,cvd,age,74.22448979591837,55.0,1.879566163603716
T0,cvd,age,75.0204081632653,55.0,1.95738259712871
T0,cvd,age,75.81632653061224,55.0,2.035199030653705
T0,cvd,age,76.61224489795919,55.0,2.1130154641787
T0,cvd,age,77.40816326530611,55.0,2.190831897703693
T0,cvd,age,78.20408163265306,55.0,2.268648331228688
T0,cvd,age,79.0,55.0,2.3464647647536827
T0,other,age,40.0,55.0,-1.2716482302328433
T0,other,age,40.795918367346935,55.0,-1.204173018016407
T0,other,age,41.59183673469388,55.0,-1.1366978057999702
T0,other,age,42.38775510204081,55.0,-1.0692225935835338
T0,other,age,43.183673469387756,55.0,-1.001747381367097
T0,other,age,43.97959183673469,55.0,-0.9342721691506606
T0,other,age,44.775510204081634,55.0,-0.8667969569342238
T0,other,age,45.57142857142857,55.0,-0.7993217447177874
T0,other,age,46.36734693877551,55.0,-0.7318465325013506
T0,other,age,47.16326530612245,55.0,-0.6643713202849142
T0,other,age,47.95918367346939,55.0,-0.5968961080684778
T0,other,age,48.755102040816325,55.0,-0.5294208958520414
T0,other,age,49.55102040816327,55.0,-0.4619456836356042
T0,other,age,50.3469387755102,55.0,-0.3944704714191678
T0,other,age,51.14285714285714,55.0,-0.3269952592027314
T0,other,age,51.93877551020408,55.0,-0.25952004698629505
T0,other,age,52.734693877551024,55.0,-0.1920448347698578
T0,other,age,53.53061224489796,55.0,-0.12456962255342141
T0,other,age,54.326530612244895,55.0,-0.057094410336985035
T0,other,age,55.12244897959184,55.0,0.01038080187945134
T0,other,age,55.91836734693878,55.0,0.0778560140958886
T0,other,age,56.714285714285715,55.0,0.14533122631232498
T0,other,age,57.51020408163265,55.0,0.21280643852876135
T0,other,age,58.30612244897959,55.0,0.28028165074519773
T0,other,age,59.10204081632653,55.0,0.3477568629616341
T0,other,age,59.897959183673464,55.0,0.4152320751780705
T0,other,age,60.69387755102041,55.0,0.48270728739450686
T0,other,age,61.48979591836735,55.0,0.5501824996109441
T0,other,age,62.285714285714285,55.0,0.6176577118273805
T0,other,age,63.08163265306122,55.0,0.6851329240438169
T0,other,age,63.87755102040816,55.0,0.7526081362602532
T0,other,age,64.6734693877551,55.0,0.8200833484766905
T0,other,age,65.46938775510205,55.0,0.8875585606931278
T0,other,age,66.26530612244898,55.0,0.9550337729095633
T0,other,age,67.06122448979592,55.0,1.0225089851259996
T0,other,age,67.85714285714286,55.0,1.089984197342437
T0,other,age,68.65306122448979,55.0,1.1574594095588724
T0,other,age,69.44897959183673,55.0,1.2249346217753097
T0,other,age,70.24489795918367,55.0,1.292409833991746
T0,other,age,71.04081632653062,55.0,1.3598850462081833
T0,other,age,71.83673469387756,55.0,1.4273602584246206
T0,other,age,72.63265306122449,55.0,1.494835470641056
T0,other,age,73.42857142857143,55.0,1.5623106828574924
T0,other,age,74.22448979591837,55.0,1.6297858950739297
T0,other,age,75.0204081632653,55.0,1.6972611072903652
T0,other,age,75.81632653061224,55.0,1.7647363195068024
T0,other,age,76.61224489795919,55.0,1.8322115317232388
T0,other,age,77.40816326530611,55.0,1.8996867439396743
T0,other,age,78.20408163265306,55.0,1.9671619561561116
T0,other,age,79.0,55.0,2.034637168372549
T0,cvd,sbp,93.33333333333331,125.33333333333331,0.5860941153493555
T0,cvd,sbp,95.26530612244896,125.33333333333331,0.5223793583293301
T0,cvd,sbp,97.19727891156461,125.33333333333331,0.45866460130930475
T0,cvd,sbp,99.12925170068026,125.33333333333331,0.3949498442892794
T0,cvd,sbp,101.0612244897959,125.33333333333331,0.331235087269254
T0,cvd,sbp,102.99319727891155,125.33333333333331,0.2675581368244888
T0,cvd,sbp,104.9251700680272,125.33333333333331,0.20477143313352952
T0,cvd,sbp,106.85714285714283,125.33333333333331,0.14451266010054598
T0,cvd,sbp,108.7891156462585,125.33333333333331,0.08845142774150361
T0,cvd,sbp,110.72108843537413,125.33333333333331,0.03825734607236875
T0,cvd,sbp,112.65306122448979,125.33333333333331,-0.004399974890894054
T0,cvd,sbp,114.58503401360542,125.33333333333331,-0.03785092513231758
T0,cvd,sbp,116.51700680272107,125.33333333333331,-0.06042589463593773
T0,cvd,sbp,118.44897959183672,125.33333333333331,-0.07045527338578816
T0,cvd,sbp,120.38095238095237,125.33333333333331,-0.06638114111414861
T0,cvd,sbp,122.31292517006801,125.33333333333331,-0.04876846564258308
T0,cvd,sbp,124.24489795918366,125.33333333333331,-0.020083431515693473
T0,cvd,sbp,126.17687074829931,125.33333333333331,0.01714059034741533
T0,cvd,sbp,128.10884353741494,125.33333333333331,0.06037022902763978
T0,cvd,sbp,130.0408163265306,125.33333333333331,0.10707211360587277
T0,cvd,sbp,131.97278911564626,125.33333333333331,0.1547128731630094
T0,cvd,sbp,133.9047619047619,125.33333333333331,0.20087675731741017
T0,cvd,sbp,135.83673469387753,125.33333333333331,0.2446518953648078
T0,cvd,sbp,137.7687074829932,125.33333333333331,0.28616569600599107
T0,cvd,sbp,139.70068027210883,125.33333333333331,0.3255662726688544
T0,cvd,sbp,141.6326530612245,125.33333333333331,0.36300173878129804
T0,cvd,sbp,143.56462585034012,125.33333333333331,0.3986202077712191
T0,cvd,sbp,145.49659863945578,125.33333333333331,0.4325697930665169
T0,cvd,sbp,147.42857142857142,125.33333333333331,0.4649986080950863
T0,cvd,sbp,149.36054421768705,125.33333333333331,0.4960547662848267
T0,cvd,sbp,151.2925170068027,125.33333333333331,0.5258863810636387
T0,cvd,sbp,153.22448979591837,125.33333333333331,0.5546415658594146
T0,cvd,sbp,155.156462585034,125.33333333333331,0.5824684341000586
T0,cvd,sbp,157.08843537414964,125.33333333333331,0.6095150992134633
T0,cvd,sbp,159.0204081632653,125.33333333333331,0.6359296746275307
T0,cvd,sbp,160.95238095238096,125.33333333333331,0.6618602737701549
T0,cvd,sbp,162.8843537414966,125.33333333333331,0.6874550100692383
T0,cvd,sbp,164.81632653061223,125.33333333333331,0.7128619969526739
T0,cvd,sbp,166.7482993197279,125.33333333333331,0.7382196499379572
T0,cvd,sbp,168.68027210884355,125.33333333333331,0.7635768298493928
T0,cvd,sbp,170.6122448979592,125.33333333333331,0.7889340097608302
T0,cvd,sbp,172.54421768707482,125.33333333333331,0.8142911896722649
T0,cvd,sbp,174.47619047619048,125.33333333333331,0.8396483695837023
T0,cvd,sbp,176.40816326530611,125.33333333333331,0.8650055494951361
T0,cvd,sbp,178.34013605442175,125.33333333333331,0.8903627294065699
T0,cvd,sbp,180.2721088435374,125.33333333333331,0.9157199093180055
T0,cvd,sbp,182.20408163265307,125.33333333333331,0.9410770892294482
T0,cvd,sbp,184.1360544217687,125.33333333333331,0.9664342691408767
T0,cvd,sbp,186.06802721088434,125.33333333333331,0.9917914490523132
T0,cvd,sbp,188.0,125.33333333333331,1.0171486289637532
T0,other,sbp,93.33333333333331,125.33333333333331,0.3163648792585281
T0,other,sbp,95.26530612244896,125.33333333333331,0.2789958658847398
T0,other,sbp,97.19727891156461,125.33333333333331,0.2416268525109515
T0,other,sbp,99.12925170068026,125.33333333333331,0.20425783913716322
T0,other,sbp,101.0612244897959,125.33333333333331,0.16688882576337494
T0,other,sbp,102.99319727891155,125.33333333333331,0.12954428487581682
T0,other,sbp,104.9251700680272,125.33333333333331,0.09277600754225812
T0,other,sbp,106.85714285714283,125.33333333333331,0.057644079118708724
T0,other,sbp,108.7891156462585,125.33333333333331,0.025229250978290985
T0,other,sbp,110.72108843537413,125.33333333333331,-0.0033877255058727407
T0,other,sbp,112.65306122448979,125.33333333333331,-0.02712609896065965
T0,other,sbp,114.58503401360542,125.33333333333331,-0.04490511801294739
T0,other,sbp,116.51700680272107,125.33333333333331,-0.055644031289613594
T0,other,sbp,118.44897959183672,125.33333333333331,-0.05826208741753591
T0,other,sbp,120.38095238095237,125.33333333333331,-0.05175694782843232
T0,other,sbp,122.31292517006801,125.33333333333331,-0.03661666686886411
T0,other,sbp,124.24489795918366,125.33333333333331,-0.014664065398940274
T0,other,sbp,126.17687074829931,125.33333333333331,0.012230866915185157
T0,other,sbp,128.10884353741494,125.33333333333331,0.04219814040735814
T0,other,sbp,130.0408163265306,125.33333333333331,0.07336776541142731
T0,other,sbp,131.97278911564626,125.33333333333331,0.10386975226123774
T0,other,sbp,133.9047619047619,125.33333333333331,0.13192446188551687
T0,other,sbp,135.83673469387753,125.33333333333331,0.15690746523335042
T0,other,sbp,137.7687074829932,125.33333333333331,0.17899265907784345
T0,other,sbp,139.70068027210883,125.33333333333331,0.19836984459495355
T0,other,sbp,141.6326530612245,125.33333333333331,0.21522882296063583
T0,other,sbp,143.56462585034012,125.33333333333331,0.22975939535084855
T0,other,sbp,145.49659863945578,125.33333333333331,0.24215136294154926
T0,other,sbp,147.42857142857142,125.33333333333331,0.2525945269086918
T0,other,sbp,149.36054421768705,125.33333333333331,0.2612786884282352
T0,other,sbp,151.2925170068027,125.33333333333331,0.2683936486761367
T0,other,sbp,153.22448979591837,125.33333333333331,0.2741292088283509
T0,other,sbp,155.156462585034,125.33333333333331,0.27867517006083764
T0,other,sbp,157.08843537414964,125.33333333333331,0.2822213335495505
T0,other,sbp,159.0204081632653,125.33333333333331,0.2849575004704481
T0,other,sbp,160.95238095238096,125.33333333333331,0.2870734719994865
T0,other,sbp,162.8843537414966,125.33333333333331,0.28875904931262397
T0,other,sbp,164.81632653061223,125.33333333333331,0.2902040335858138
T0,other,sbp,166.7482993197279,125.33333333333331,0.2915857985275987
T0,other,sbp,168.68027210884355,125.33333333333331,0.292966957244992
T0,other,sbp,170.6122448979592,125.33333333333331,0.2943481159623871
T0,other,sbp,172.54421768707482,125.33333333333331,0.2957292746797804
T0,other,sbp,174.47619047619048,125.33333333333331,0.2971104333971759
T0,other,sbp,176.40816326530611,125.33333333333331,0.298491592114567
T0,other,sbp,178.34013605442175,125.33333333333331,0.2998727508319612
T0,other,sbp,180.2721088435374,125.33333333333331,0.3012539095493545
T0,other,sbp,182.20408163265307,125.33333333333331,0.3026350682667527
T0,other,sbp,184.1360544217687,125.33333333333331,0.304016226984142
T0,other,sbp,186.06802721088434,125.33333333333331,0.3053973857015362
T0,other,sbp,188.0,125.33333333333331,0.30677854441893215
T0,cvd,bmi,18.36,28.19,1.0660302134997601
T0,cvd,bmi,18.965518367346938,28.19,0.9607418527304326
T0,cvd,bmi,19.571036734693877,28.19,0.8554534919611045
T0,cvd,bmi,20.176555102040815,28.19,0.7501651311917765
T0,cvd,bmi,20.782073469387754,28.19,0.64487699897763
T0,cvd,bmi,21.387591836734693,28.19,0.5400486776413369
T0,cvd,bmi,21.99311020408163,28.19,0.4375619084674076
T0,cvd,bmi,22.598628571428574,28.19,0.33957282047571
T0,cvd,bmi,23.204146938775512,28.19,0.24823754268611342
T0,cvd,bmi,23.80966530612245,28.19,0.16571220411848397
T0,cvd,bmi,24.41518367346939,28.19,0.0941529337926914
T0,cvd,bmi,25.020702040816328,28.19,0.035715860728603666
T0,cvd,bmi,25.626220408163267,28.19,-0.007442886053910414
T0,cvd,bmi,26.231738775510205,28.19,-0.03316717753498466
T0,cvd,bmi,26.837257142857148,28.19,-0.040098609282336994
T0,cvd,bmi,27.442775510204086,28.19,-0.0303719978599446
T0,cvd,bmi,28.048293877551025,28.19,-0.0070780719179408536
T0,cvd,bmi,28.653812244897964,28.19,0.0266924159075419
T0,cvd,bmi,29.259330612244902,28.19,0.06784871298037132
T0,cvd,bmi,29.86484897959184,28.19,0.11330006666441683
T0,cvd,bmi,30.47036734693878,28.19,0.15996742496056537
T0,cvd,bmi,31.075885714285718,28.19,0.20583014048856807
T0,cvd,bmi,31.681404081632657,28.19,0.2507544707753979
T0,cvd,bmi,32.286922448979595,28.19,0.2948016445389001
T0,cvd,bmi,32.892440816326534,28.19,0.33803289049692076
T0,cvd,bmi,33.49795918367347,28.19,0.380509437367305
T0,cvd,bmi,34.10347755102041,28.19,0.4222925138678999
T0,cvd,bmi,34.70899591836735,28.19,0.4634433487165506
T0,cvd,bmi,35.314514285714296,28.19,0.5040231706311036
T0,cvd,bmi,35.92003265306123,28.19,0.5440932083294037
T0,cvd,bmi,36.52555102040817,28.19,0.5837146905292996
T0,cvd,bmi,37.131069387755105,28.19,0.6229488459486339
T0,cvd,bmi,37.73658775510205,28.19,0.6618569033052522
T0,cvd,bmi,38.34210612244898,28.19,0.7005000913170027
T0,cvd,bmi,38.94762448979593,28.19,0.7389396387017335
T0,cvd,bmi,39.55314285714286,28.19,0.7772367741772861
T0,cvd,bmi,40.158661224489805,28.19,0.8154527264615066
T0,cvd,bmi,40.76417959183674,28.19,0.8536455983669757
T0,cvd,bmi,41.36969795918368,28.19,0.8918381170410967
T0,cvd,bmi,41.97521632653062,28.19,0.9300306357152168
T0,cvd,bmi,42.58073469387756,28.19,0.9682231543893423
T0,cvd,bmi,43.1862530612245,28.19,1.0064156730634615
T0,cvd,bmi,43.79177142857144,28.19,1.0446081917375798
T0,cvd,bmi,44.397289795918375,28.19,1.082800710411707
T0,cvd,bmi,45.002808163265314,28.19,1.1209932290858289
T0,cvd,bmi,45.60832653061225,28.19,1.159185747759949
T0,cvd,bmi,46.21384489795919,28.19,1.1973782664340735
T0,cvd,bmi,46.81936326530613,28.19,1.2355707851081945
T0,cvd,bmi,47.42488163265307,28.19,1.2737633037823137
T0,cvd,bmi,48.03040000000001,28.19,1.3119558224564312
T0,other,bmi,18.36,28.19,0.9421416158801117
T0,other,bmi,18.965518367346938,28.19,0.8558216485165397
T0,other,bmi,19.571036734693877,28.19,0.7695016811529674
T0,other,bmi,20.176555102040815,28.19,0.6831817137893954
T0,other,bmi,20.782073469387754,28.19,0.5968619095640997
T0,other,bmi,21.387591836734693,28.19,0.5108703094677312
T0,other,bmi,21.99311020408163,28.19,0.42655006410610063
T0,other,bmi,22.598628571428574,28.19,0.34544017675403893
T0,other,bmi,23.204146938775512,28.19,0.26907965068637596
T0,other,bmi,23.80966530612245,28.19,0.19900748917794298
T0,other,bmi,24.41518367346939,28.19,0.13676269550356945
T0,other,bmi,25.020702040816328,28.19,0.08388427293808576
T0,other,bmi,25.626220408163267,28.19,0.04191122475632225
T0,other,bmi,26.231738775510205,28.19,0.0123825542331093
T0,other,bmi,26.837257142857148,28.19,-0.003730520047059205
T0,other,bmi,27.442775510204086,28.19,-0.007943098001705895
T0,other,bmi,28.048293877551025,28.19,-0.0024506550266489846
T0,other,bmi,28.653812244897964,28.19,0.010551316410132294
T0,other,bmi,29.259330612244902,28.19,0.028867323840660486
T0,other,bmi,29.86484897959184,28.19,0.0503018747969568
T0,other,bmi,30.47036734693878,28.19,0.07266777316241058
T0,other,bmi,31.075885714285718,28.19,0.09452828594417406
T0,other,bmi,31.681404081632657,28.19,0.11578459244274697
T0,other,bmi,32.286922448979595,28.19,0.13647611652629088
T0,other,bmi,32.892440816326534,28.19,0.1566422820629727
T0,other,bmi,33.49795918367347,28.19,0.1763225129209527
T0,other,bmi,34.10347755102041,28.19,0.19555623296839508
T0,other,bmi,34.70899591836735,28.19,0.21438286607346102
T0,other,bmi,35.314514285714296,28.19,0.23284183610431564
T0,other,bmi,35.92003265306123,28.19,0.2509725669291214
T0,other,bmi,36.52555102040817,28.19,0.26881448241604256
T0,other,bmi,37.131069387755105,28.19,0.28640700643324024
T0,other,bmi,37.73658775510205,28.19,0.3037895628488756
T0,other,bmi,38.34210612244898,28.19,0.3210015755311164
T0,other,bmi,38.94762448979593,28.19,0.3380824683481256
T0,other,bmi,39.55314285714286,28.19,0.35507166516806254
T0,other,bmi,40.158661224489805,28.19,0.3720085898590906
T0,other,bmi,40.76417959183674,28.19,0.38893065358550905
T0,other,bmi,41.36969795918368,28.19,0.4058524898737814
T0,other,bmi,41.97521632653062,28.19,0.4227743261620529
T0,other,bmi,42.58073469387756,28.19,0.43969616245032794
T0,other,bmi,43.1862530612245,28.19,0.45661799873859765
T0,other,bmi,43.79177142857144,28.19,0.47353983502686736
T0,other,bmi,44.397289795918375,28.19,0.4904616713151442
T0,other,bmi,45.002808163265314,28.19,0.5073835076034166
T0,other,bmi,45.60832653061225,28.19,0.5243053438916889
T0,other,bmi,46.21384489795919,28.19,0.5412271801799622
T0,other,bmi,46.81936326530613,28.19,0.5581490164682354
T0,other,bmi,47.42488163265307,28.19,0.5750708527565043
T0,other,bmi,48.03040000000001,28.19,0.591992689044774
T1,cvd,age,40.0,55.0,-1.488649030037545
T1,cvd,age,40.795918367346935,55.0,-1.409659489668206
T1,cvd,age,41.59183673469388,55.0,-1.3306699492988665
T1,cvd,age,42.38775510204081,55.0,-1.251680408929528
T1,cvd,age,43.183673469387756,55.0,-1.1726908685601884
T1,cvd,age,43.97959183673469,55.0,-1.0937013281908499
T1,cvd,age,44.775510204081634,55.0,-1.0147117878215104
T1,cvd,age,45.57142857142857,55.0,-0.9357222474521718
T1,cvd,age,46.36734693877551,55.0,-0.8567327070828323
T1,cvd,age,47.16326530612245,55.0,-0.7777431667134937
T1,cvd,age,47.95918367346939,55.0,-0.6987536263441543
T1,cvd,age,48.755102040816325,55.0,-0.6197640859748148
T1,cvd,age,49.55102040816327,55.0,-0.5407745456054753
T1,cvd,age,50.3469387755102,55.0,-0.46178500523613675
T1,cvd,age,51.14285714285714,55.0,-0.38279546486679816
T1,cvd,age,51.93877551020408,55.0,-0.3038059244974587
T1,cvd,age,52.734693877551024,55.0,-0.22481638412811922
T1,cvd,age,53.53061224489796,55.0,-0.14582684375878063
T1,cvd,age,54.326530612244895,55.0,-0.06683730338944116
T1,cvd,age,55.12244897959184,55.0,0.012152236979898312
T1,cvd,age,55.91836734693878,55.0,0.09114177734923778
T1,cvd,age,56.714285714285715,55.0,0.17013131771857637
T1,cvd,age,57.51020408163265,55.0,0.24912085808791495
T1,cvd,age,58.30612244897959,55.0,0.3281103984572544
T1,cvd,age,59.10204081632653,55.0,0.407099938826593
T1,cvd,age,59.897959183673464,55.0,0.4860894791959316
T1,cvd,age,60.69387755102041,55.0,0.5650790195652711
T1,cvd,age,61.48979591836735,55.0,0.6440685599346105
T1,cvd,age,62.285714285714285,55.0,0.72305810030395
T1,cvd,age,63.08163265306122,55.0,0.8020476406732886
T1,cvd,age,63.87755102040816,55.0,0.8810371810426281
T1,cvd,age,64.6734693877551,55.0,0.9600267214119675
T1,cvd,age,65.46938775510205,55.0,1.039016261781307
T1,cvd,age,66.26530612244898,55.0,1.1180058021506447
T1,cvd,age,67.06122448979592,55.0,1.1969953425199842
T1,cvd,age,67.85714285714286,55.0,1.2759848828893237
T1,cvd,age,68.65306122448979,55.0,1.3549744232586622
T1,cvd,age,69.44897959183673,55.0,1.4339639636280017
T1,cvd,age,70.24489795918367,55.0,1.5129535039973412
T1,cvd,age,71.04081632653062,55.0,1.5919430443666807
T1,cvd,age,71.83673469387756,55.0,1.6709325847360201
T1,cvd,age,72.63265306122449,55.0,1.7499221251053578
T1,cvd,age,73.42857142857143,55.0,1.8289116654746973
T1,cvd,age,74.22448979591837,55.0,1.9079012058440368
T1,cvd,age,75.0204081632653,55.0,1.9868907462133754
T1,cvd,age,75.81632653061224,55.0,2.065880286582715
T1,cvd,age,76.61224489795919,55.0,2.1448698269520543
T1,cvd,age,77.40816326530611,55.0,2.223859367321392
T1,cvd,age,78.20408163265306,55.0,2.3028489076907315
T1,cvd,age,79.0,55.0,2.381838448060071
T1,other,age,40.0,55.0,-1.2848813865246917
T1,other,age,40.795918367346935,55.0,-1.2167040068315451
T1,other,age,41.59183673469388,55.0,-1.148526627138398
T1,other,age,42.38775510204081,55.0,-1.0803492474452514
T1,other,age,43.183673469387756,55.0,-1.0121718677521039
T1,other,age,43.97959183673469,55.0,-0.9439944880589572
T1,other,age,44.775510204081634,55.0,-0.8758171083658102
T1,other,age,45.57142857142857,55.0,-0.8076397286726635
T1,other,age,46.36734693877551,55.0,-0.7394623489795165
T1,other,age,47.16326530612245,55.0,-0.6712849692863694
T1,other,age,47.95918367346939,55.0,-0.6031075895932227
T1,other,age,48.755102040816325,55.0,-0.5349302099000761
T1,other,age,49.55102040816327,55.0,-0.4667528302069286
T1,other,age,50.3469387755102,55.0,-0.39857545051378196
T1,other,age,51.14285714285714,55.0,-0.3303980708206353
T1,other,age,51.93877551020408,55.0,-0.2622206911274878
T1,other,age,52.734693877551024,55.0,-0.19404331143434117
T1,other,age,53.53061224489796,55.0,-0.12586593174119454
T1,other,age,54.326530612244895,55.0,-0.0576885520480479
T1,other,age,55.12244897959184,55.0,0.010488827645099619
T1,other,age,55.91836734693878,55.0,0.07866620733824625
T1,other,age,56.714285714285715,55.0,0.14684358703139289
T1,other,age,57.51020408163265,55.0,0.21502096672453952
T1,other,age,58.30612244897959,55.0,0.28319834641768704
T1,other,age,59.10204081632653,55.0,0.3513757261108337
T1,other,age,59.897959183673464,55.0,0.4195531058039803
T1,other,age,60.69387755102041,55.0,0.48773048549712783
T1,other,age,61.48979591836735,55.0,0.5559078651902745
T1,other,age,62.285714285714285,55.0,0.6240852448834211
T1,other,age,63.08163265306122,55.0,0.6922626245765677
T1,other,age,63.87755102040816,55.0,0.7604400042697153
T1,other,age,64.6734693877551,55.0,0.8286173839628628
T1,other,age,65.46938775510205,55.0,0.8967947636560094
T1,other,age,66.26530612244898,55.0,0.964972143349156
T1,other,age,67.06122448979592,55.0,1.0331495230423027
T1,other,age,67.85714285714286,55.0,1.1013269027354502
T1,other,age,68.65306122448979,55.0,1.169504282428596
T1,other,age,69.44897959183673,55.0,1.2376816621217435
T1,other,age,70.24489795918367,55.0,1.305859041814891
T1,other,age,71.04081632653062,55.0,1.3740364215080376
T1,other,age,71.83673469387756,55.0,1.4422138012011851
T1,other,age,72.63265306122449,55.0,1.5103911808943309
T1,other,age,73.42857142857143,55.0,1.5785685605874784
T1,other,age,74.22448979591837,55.0,1.646745940280626
T1,other,age,75.0204081632653,55.0,1.7149233199737717
T1,other,age,75.81632653061224,55.0,1.7831006996669192
T1,other,age,76.61224489795919,55.0,1.8512780793600658
T1,other,age,77.40816326530611,55.0,1.9194554590532125
T1,other,age,78.20408163265306,55.0,1.987632838746359
T1,other,age,79.0,55.0,2.0558102184395066
T1,cvd,sbp,93.33333333333331,125.33333333333331,0.20093791032662267
T1,cvd,sbp,95.26530612244896,125.33333333333331,0.17913586730798414
T1,cvd,sbp,97.19727891156461,125.33333333333331,0.1573338242893454
T1,cvd,sbp,99.12925170068026,125.33333333333331,0.13553178127070664
T1,cvd,sbp,101.0612244897959,125.33333333333331,0.11372973825206789
T1,cvd,sbp,102.99319727891155,125.33333333333331,0.0919404627187006
T1,cvd,sbp,104.9251700680272,125.33333333333331,0.07045182833673835
T1,cvd,sbp,106.85714285714283,125.33333333333331,0.04981688983228283
T1,cvd,sbp,108.7891156462585,125.33333333333331,0.030599483552337547
T1,cvd,sbp,110.72108843537413,125.33333333333331,0.013363445843907584
T1,cvd,sbp,112.65306122448979,125.33333333333331,-0.0013273869460035392
T1,cvd,sbp,114.58503401360542,125.33333333333331,-0.012909178470391192
T1,cvd,sbp,116.51700680272107,125.33333333333331,-0.020818092382251407
T1,cvd,sbp,118.44897959183672,125.33333333333331,-0.02449029233458
T1,cvd,sbp,120.38095238095237,125.33333333333331,-0.023390539105594854
T1,cvd,sbp,122.31292517006801,125.33333333333331,-0.01752713930002181
T1,cvd,sbp,124.24489795918366,125.33333333333331,-0.007395188449573542
T1,cvd,sbp,126.17687074829931,125.33333333333331,0.0064930154653344285
T1,cvd,sbp,128.10884353741494,125.33333333333331,0.023625174464286358
T1,cvd,sbp,130.0408163265306,125.33333333333331,0.04348899056686695
T1,cvd,sbp,131.97278911564626,125.33333333333331,0.06557216579265979
T1,cvd,sbp,133.9047619047619,125.33333333333331,0.08938092243674611
T1,cvd,sbp,135.83673469387753,125.33333333333331,0.11465828043634918
T1,cvd,sbp,137.7687074829932,125.33333333333331,0.14131090241656574
T1,cvd,sbp,139.70068027210883,125.33333333333331,0.1692487111240526
T1,cvd,sbp,141.6326530612245,125.33333333333331,0.198381629305467
T1,cvd,sbp,143.56462585034012,125.33333333333331,0.22861957970746616
T1,cvd,sbp,145.49659863945578,125.33333333333331,0.25987248507670846
T1,cvd,sbp,147.42857142857142,125.33333333333331,0.29205026815984914
T1,cvd,sbp,149.36054421768705,125.33333333333331,0.32506285170354654
T1,cvd,sbp,151.2925170068027,125.33333333333331,0.35882015845445847
T1,cvd,sbp,153.22448979591837,125.33333333333331,0.39323211115924117
T1,cvd,sbp,155.156462585034,125.33333333333331,0.42820863256455266
T1,cvd,sbp,157.08843537414964,125.33333333333331,0.4636596454170495
T1,cvd,sbp,159.0204081632653,125.33333333333331,0.49949507246338953
T1,cvd,sbp,160.95238095238096,125.33333333333331,0.5356248364502298
T1,cvd,sbp,162.8843537414966,125.33333333333331,0.5719588601242274
T1,cvd,sbp,164.81632653061223,125.33333333333331,0.6084070662320393
T1,cvd,sbp,166.7482993197279,125.33333333333331,0.6448852754402155
T1,cvd,sbp,168.68027210884355,125.33333333333331,0.6813637723548702
T1,cvd,sbp,170.6122448979592,125.33333333333331,0.7178422692695254
T1,cvd,sbp,172.54421768707482,125.33333333333331,0.7543207661841798
T1,cvd,sbp,174.47619047619048,125.33333333333331,0.7907992630988345
T1,cvd,sbp,176.40816326530611,125.33333333333331,0.8272777600134884
T1,cvd,sbp,178.34013605442175,125.33333333333331,0.863756256928143
T1,cvd,sbp,180.2721088435374,125.33333333333331,0.9002347538427973
T1,cvd,sbp,182.20408163265307,125.33333333333331,0.936713250757454
T1,cvd,sbp,184.1360544217687,125.33333333333331,0.9731917476721059
T1,cvd,sbp,186.06802721088434,125.33333333333331,1.009670244586761
T1,cvd,sbp,188.0,125.33333333333331,1.0461487415014163
T1,other,sbp,93.33333333333331,125.33333333333331,0.17959760174686656
T1,other,sbp,95.26530612244896,125.33333333333331,0.1572816146619329
T1,other,sbp,97.19727891156461,125.33333333333331,0.13496562757699926
T1,other,sbp,99.12925170068026,125.33333333333331,0.1126496404920656
T1,other,sbp,101.0612244897959,125.33333333333331,0.09033365340713195
T1,other,sbp,102.99319727891155,125.33333333333331,0.0680330139262475
T1,other,sbp,104.9251700680272,125.33333333333331,0.04609377069957121
T1,other,sbp,106.85714285714283,125.33333333333331,0.025180742583240656
T1,other,sbp,108.7891156462585,125.33333333333331,0.005971708859436209
T1,other,sbp,110.72108843537413,125.33333333333331,-0.01085555118965953
T1,other,sbp,112.65306122448979,125.33333333333331,-0.024623258281865956
T1,other,sbp,114.58503401360542,125.33333333333331,-0.034653633135000694
T1,other,sbp,116.51700680272107,125.33333333333331,-0.0402688964668827
T1,other,sbp,118.44897959183672,125.33333333333331,-0.040791268995330476
T1,other,sbp,120.38095238095237,125.33333333333331,-0.035590743229803046
T1,other,sbp,122.31292517006801,125.33333333333331,-0.024945310570179124
T1,other,sbp,124.24489795918366,125.33333333333331,-0.009946148322687476
T1,other,sbp,126.17687074829931,125.33333333333331,0.008286829339055668
T1,other,sbp,128.10884353741494,125.33333333333331,0.028633708241433853
T1,other,sbp,130.0408163265306,125.33333333333331,0.049974574210830625
T1,other,sbp,131.97278911564626,125.33333333333331,0.07118951307362975
T1,other,sbp,133.9047619047619,125.33333333333331,0.09121200994682832
T1,other,sbp,135.83673469387753,125.33333333333331,0.10965830577963365
T1,other,sbp,137.7687074829932,125.33333333333331,0.12661647054172898
T1,other,sbp,139.70068027210883,125.33333333333331,0.14218397407261585
T1,other,sbp,141.6326530612245,125.33333333333331,0.15645828621179736
T1,other,sbp,143.56462585034012,125.33333333333331,0.16953687679877505
T1,other,sbp,145.49659863945578,125.33333333333331,0.181517215673052
T1,other,sbp,147.42857142857142,125.33333333333331,0.19249677267412935
T1,other,sbp,149.36054421768705,125.33333333333331,0.20257301764150992
T1,other,sbp,151.2925170068027,125.33333333333331,0.21184342041469661
T1,other,sbp,153.22448979591837,125.33333333333331,0.22040545083319008
T1,other,sbp,155.156462585034,125.33333333333331,0.22835657873649406
T1,other,sbp,157.08843537414964,125.33333333333331,0.2357942739641099
T1,other,sbp,159.0204081632653,125.33333333333331,0.24281600635554001
T1,other,sbp,160.95238095238096,125.33333333333331,0.2495192457502866
T1,other,sbp,162.8843537414966,125.33333333333331,0.2560014619878528
T1,other,sbp,164.81632653061223,125.33333333333331,0.26236012490773897
T1,other,sbp,166.7482993197279,125.33333333333331,0.2686863223908098
T1,other,sbp,168.68027210884355,125.33333333333331,0.27501220855550335
T1,other,sbp,170.6122448979592,125.33333333333331,0.28133809472019733
T1,other,sbp,172.54421768707482,125.33333333333331,0.28766398088489065
T1,other,sbp,174.47619047619048,125.33333333333331,0.2939898670495851
T1,other,sbp,176.40816326530611,125.33333333333331,0.3003157532142773
T1,other,sbp,178.34013605442175,125.33333333333331,0.3066416393789708
T1,other,sbp,180.2721088435374,125.33333333333331,0.3129675255436639
T1,other,sbp,182.20408163265307,125.33333333333331,0.31929341170836056
T1,other,sbp,184.1360544217687,125.33333333333331,0.32561929787305144
T1,other,sbp,186.06802721088434,125.33333333333331,0.331945184037745
T1,other,sbp,188.0,125.33333333333331,0.3382710702024394
T1,cvd,bmi,18.36,28.19,0.801896725299579
T1,cvd,bmi,18.965518367346938,28.19,0.7367672905505445
T1,cvd,bmi,19.571036734693877,28.19,0.6716378558015097
T1,cvd,bmi,20.176555102040815,28.19,0.6065084210524749
T1,cvd,bmi,20.782073469387754,28.19,0.5413790754619909
T1,cvd,bmi,21.387591836734693,28.19,0.47642910043345976
T1,cvd,bmi,21.99311020408163,28.19,0.41239255644241446
T1,cvd,bmi,22.598628571428574,28.19,0.35011054162846955
T1,cvd,bmi,23.204146938775512,28.19,0.29042415413123823
T1,cvd,bmi,23.80966530612245,28.19,0.23417449209033414
T1,cvd,bmi,24.41518367346939,28.19,0.18220265364537225
T1,cvd,bmi,25.020702040816328,28.19,0.13534973693596442
T1,cvd,bmi,25.626220408163267,28.19,0.09445684010172517
T1,cvd,bmi,26.231738775510205,28.19,0.060365061282268595
T1,cvd,bmi,26.837257142857148,28.19,0.033729045628899446
T1,cvd,bmi,27.442775510204086,28.19,0.014386964156730464
T1,cvd,bmi,28.048293877551025,28.19,0.001953561565828821
T1,cvd,bmi,28.653812244897964,28.19,-0.003956423050008873
T1,cvd,bmi,29.259330612244902,28.19,-0.0037282505969846724
T1,cvd,bmi,29.86484897959184,28.19,0.0022528180186967006
T1,cvd,bmi,30.47036734693878,28.19,0.01360181411900685
T1,cvd,bmi,31.075885714285718,28.19,0.029960203112296746
T1,cvd,bmi,31.681404081632657,28.19,0.05101657662539383
T1,cvd,bmi,32.286922448979595,28.19,0.07646439577001818
T1,cvd,bmi,32.892440816326534,28.19,0.10599712165788944
T1,cvd,bmi,33.49795918367347,28.19,0.1393082154007277
T1,cvd,bmi,34.10347755102041,28.19,0.17609113811025345
T1,cvd,bmi,34.70899591836735,28.19,0.2160393508981855
T1,cvd,bmi,35.314514285714296,28.19,0.25884631487624477
T1,cvd,bmi,35.92003265306123,28.19,0.3042054911561505
T1,cvd,bmi,36.52555102040817,28.19,0.35181034084962404
T1,cvd,bmi,37.131069387755105,28.19,0.40135432506838287
T1,cvd,bmi,37.73658775510205,28.19,0.4525309049241484
T1,cvd,bmi,38.34210612244898,28.19,0.5050335415286402
T1,cvd,bmi,38.94762448979593,28.19,0.5585556959935807
T1,cvd,bmi,39.55314285714286,28.19,0.612790829430685
T1,cvd,bmi,40.158661224489805,28.19,0.6674324029516763
T1,cvd,bmi,40.76417959183674,28.19,0.7221895273757837
T1,cvd,bmi,41.36969795918368,28.19,0.7769484202371293
T1,cvd,bmi,41.97521632653062,28.19,0.8317073130984738
T1,cvd,bmi,42.58073469387756,28.19,0.8864662059598214
T1,cvd,bmi,43.1862530612245,28.19,0.9412250988211657
T1,cvd,bmi,43.79177142857144,28.19,0.9959839916825106
T1,cvd,bmi,44.397289795918375,28.19,1.050742884543857
T1,cvd,bmi,45.002808163265314,28.19,1.1055017774052027
T1,cvd,bmi,45.60832653061225,28.19,1.1602606702665468
T1,cvd,bmi,46.21384489795919,28.19,1.2150195631278948
T1,cvd,bmi,46.81936326530613,28.19,1.2697784559892389
T1,cvd,bmi,47.42488163265307,28.19,1.3245373488505838
T1,cvd,bmi,48.03040000000001,28.19,1.379296241711927
T1,other,bmi,18.36,28.19,0.8252744916058172
T1,other,bmi,18.965518367346938,28.19,0.756866791821917
T1,other,bmi,19.571036734693877,28.19,0.6884590920380171
T1,other,bmi,20.176555102040815,28.19,0.6200513922541173
T1,other,bmi,20.782073469387754,28.19,0.551643793063946
T1,other,bmi,21.387591836734693,28.19,0.48343856990563694
T1,other,bmi,21.99311020408163,28.19,0.41626393140254425
T1,other,bmi,22.598628571428574,28.19,0.3510688521358265
T1,other,bmi,23.204146938775512,28.19,0.2888023066866441
T1,other,bmi,23.80966530612245,28.19,0.23041326963615694
T1,other,bmi,24.41518367346939,28.19,0.17685071556552412
T1,other,bmi,25.020702040816328,28.19,0.12906361905590513
T1,other,bmi,25.626220408163267,28.19,0.08800095468845948
T1,other,bmi,26.231738775510205,28.19,0.054611697044347096
T1,other,bmi,26.837257142857148,28.19,0.02955353711440667
T1,other,bmi,27.442775510204086,28.19,0.012208640514677516
T1,other,bmi,28.048293877551025,28.19,0.001610128204911021
T1,other,bmi,28.653812244897964,28.19,-0.0032088876134617195
T1,other,bmi,29.259330612244902,28.19,-0.003215294739009167
T1,other,bmi,29.86484897959184,28.19,0.0006240190296993298
T1,other,bmi,30.47036734693878,28.19,0.007345266951842788
T1,other,bmi,31.075885714285718,28.19,0.016265174692683182
T1,other,bmi,31.681404081632657,28.19,0.027200560439894605
T1,other,bmi,32.286922448979595,28.19,0.040019916227704844
T1,other,bmi,32.892440816326534,28.19,0.05459173409034257
T1,other,bmi,33.49795918367347,28.19,0.07078450606203601
T1,other,bmi,34.10347755102041,28.19,0.08846672417701429
T1,other,bmi,34.70899591836735,28.19,0.10750688046950563
T1,other,bmi,35.314514285714296,28.19,0.12777346697373781
T1,other,bmi,35.92003265306123,28.19,0.1491349757239404
T1,other,bmi,36.52555102040817,28.19,0.17145989875434253
T1,other,bmi,37.131069387755105,28.19,0.19461672809916974
T1,other,bmi,37.73658775510205,28.19,0.21847395579265338
T1,other,bmi,38.34210612244898,28.19,0.24290007386902124
T1,other,bmi,38.94762448979593,28.19,0.2677635743625033
T1,other,bmi,39.55314285714286,28.19,0.29293294930732516
T1,other,bmi,40.158661224489805,28.19,0.31827669073771725
T1,other,bmi,40.76417959183674,28.19,0.3436700045544945
T1,other,bmi,41.36969795918368,28.19,0.36906407704690025
T1,other,bmi,41.97521632653062,28.19,0.3944581495393047
T1,other,bmi,42.58073469387756,28.19,0.41985222203171224
T1,other,bmi,43.1862530612245,28.19,0.4452462945241171
T1,other,bmi,43.79177142857144,28.19,0.470640367016522
T1,other,bmi,44.397289795918375,28.19,0.49603443950892956
T1,other,bmi,45.002808163265314,28.19,0.5214285120013353
T1,other,bmi,45.60832653061225,28.19,0.5468225844937393
T1,other,bmi,46.21384489795919,28.19,0.5722166569861464
T1,other,bmi,46.81936326530613,28.19,0.5976107294785518
T1,other,bmi,47.42488163265307,28.19,0.6230048019709562
T1,other,bmi,48.03040000000001,28.19,0.6483988744633602
T1,cvd,total_chol,124.0,205.0,-0.08278394515061732
T1,cvd,total_chol,127.9795918367347,205.0,-0.07560354701821326
T1,cvd,total_chol,131.9591836734694,205.0,-0.06842314888580919
T1,cvd,total_chol,135.9387755102041,205.0,-0.06124275075340513
T1,cvd,total_chol,139.91836734693877,205.0,-0.05406235262100112
T1,cvd,total_chol,143.89795918367346,205.0,-0.046881954488597055
T1,cvd,total_chol,147.87755102040816,205.0,-0.03970155635619299
T1,cvd,total_chol,151.85714285714286,205.0,-0.03254268266448995
T1,cvd,total_chol,155.83673469387756,205.0,-0.0255212862479276
T1,cvd,total_chol,159.81632653061223,205.0,-0.018779207340420323
T1,cvd,total_chol,163.79591836734693,205.0,-0.01245828686453515
T1,cvd,total_chol,167.77551020408163,205.0,-0.006700365742839165
T1,cvd,total_chol,171.75510204081633,205.0,-0.0016472848978992816
T1,cvd,total_chol,175.73469387755102,205.0,0.002559114747717306
T1,cvd,total_chol,179.71428571428572,205.0,0.005776992271443737
T1,cvd,total_chol,183.69387755102042,205.0,0.007864506750712819
T1,cvd,total_chol,187.67346938775512,205.0,0.008679817262957634
T1,cvd,total_chol,191.65306122448982,205.0,0.008089246112784942
T1,cvd,total_chol,195.6326530612245,205.0,0.006249411791341919
T1,cvd,total_chol,199.6122448979592,205.0,0.0036790954852001234
T1,cvd,total_chol,203.59183673469389,205.0,0.0009198357147460201
T1,cvd,total_chol,207.57142857142856,205.0,-0.0014868289996336492
T1,cvd,total_chol,211.55102040816325,205.0,-0.002999360137552476
T1,cvd,total_chol,215.53061224489795,205.0,-0.0030762191786237736
T1,cvd,total_chol,219.51020408163265,205.0,-0.0011758676024611892
T1,cvd,total_chol,223.48979591836735,205.0,0.0031624312773554375
T1,cvd,total_chol,227.46938775510205,205.0,0.009930346134668366
T1,cvd,total_chol,231.44897959183675,205.0,0.01895070662193027
T1,cvd,total_chol,235.42857142857144,205.0,0.03004611900011034
T1,cvd,total_chol,239.40816326530614,205.0,0.04303918953017799
T1,cvd,total_chol,243.38775510204084,205.0,0.05775252447310236
T1,cvd,total_chol,247.3673469387755,205.0,0.0740087300898527
T1,cvd,total_chol,251.3469387755102,205.0,0.0916304126413986
T1,cvd,total_chol,255.3265306122449,205.0,0.11044017838870912
T1,cvd,total_chol,259.30612244897964,205.0,0.1302606335927537
T1,cvd,total_chol,263.28571428571433,205.0,0.1509143845145015
T1,cvd,total_chol,267.265306122449,205.0,0.17222403741492148
T1,cvd,total_chol,271.2448979591837,205.0,0.19401219855498358
T1,cvd,total_chol,275.2244897959184,205.0,0.21610147419565678
T1,cvd,total_chol,279.2040816326531,205.0,0.23831528951368747
T1,cvd,total_chol,283.18367346938777,205.0,0.2605391348085147
T1,cvd,total_chol,287.16326530612247,205.0,0.28276298010334194
T1,cvd,total_chol,291.1428571428571,205.0,0.30498682539816896
T1,cvd,total_chol,295.1224489795918,205.0,0.3272106706929964
T1,cvd,total_chol,299.1020408163265,205.0,0.3494345159878239
T1,cvd,total_chol,303.0816326530612,205.0,0.3716583612826507
T1,cvd,total_chol,307.0612244897959,205.0,0.3938822065774789
T1,cvd,total_chol,311.0408163265306,205.0,0.4161060518723057
T1,cvd,total_chol,315.0204081632653,205.0,0.4383298971671327
T1,cvd,total_chol,319.0,205.0,0.4605537424619603
T1,other,total_chol,124.0,205.0,0.30755464098155694
T1,other,total_chol,127.9795918367347,205.0,0.2883720581480028
T1,other,total_chol,131.9591836734694,205.0,0.2691894753144486
T1,other,total_chol,135.9387755102041,205.0,0.25000689248089447
T1,other,total_chol,139.91836734693877,205.0,0.23082430964734035
T1,other,total_chol,143.89795918367346,205.0,0.21164172681378624
T1,other,total_chol,147.87755102040816,205.0,0.192459143980232
T1,other,total_chol,151.85714285714286,205.0,0.1733029236909741
T1,other,total_chol,155.83673469387756,205.0,0.15431508179565345
T1,other,total_chol,159.81632653061223,205.0,0.1356693403203849
T1,other,total_chol,163.79591836734693,205.0,0.1175394221347259
T1,other,total_chol,167.77551020408163,205.0,0.10009905010823406
T1,other,total_chol,171.75510204081633,205.0,0.08352194711046712
T1,other,total_chol,175.73469387755102,205.0,0.06798183601098284
T1,other,total_chol,179.71428571428572,205.0,0.05365243967933864
T1,other,total_chol,183.69387755102042,205.0,0.04070748098509225
T1,other,total_chol,187.67346938775512,205.0,0.029320682797801534
T1,other,total_chol,191.65306122448982,205.0,0.01966283309458905
T1,other,total_chol,195.6326530612245,205.0,0.011800350825037276
T1,other,total_chol,199.6122448979592,205.0,0.0056694480325220065
T1,other,total_chol,203.59183673469389,205.0,0.0011981549071612418
T1,other,total_chol,207.57142857142856,205.0,-0.001685498360927129
T1,other,total_chol,211.55102040816325,205.0,-0.003053481581625772
T1,other,total_chol,215.53061224489795,205.0,-0.002977764564816354
T1,other,total_chol,219.51020408163265,205.0,-0.0015303171203812083
T1,other,total_chol,223.48979591836735,205.0,0.0012150248228584015
T1,other,total_chol,227.46938775510205,205.0,0.0051735922069460205
T1,other,total_chol,231.44897959183675,205.0,0.010256816635506372
T1,other,total_chol,235.42857142857144,205.0,0.0163761245529368
T1,other,total_chol,239.40816326530614,205.0,0.023442942403635092
T1,other,total_chol,243.38775510204084,205.0,0.03136869663199837
T1,other,total_chol,247.3673469387755,205.0,0.04006481368242365
T1,other,total_chol,251.3469387755102,205.0,0.049442719999308604
T1,other,total_chol,255.3265306122449,205.0,0.059413842027050245
T1,other,total_chol,259.30612244897964,205.0,0.06988960621004636
T1,other,total_chol,263.28571428571433,205.0,0.08078143899269374
T1,other,total_chol,267.265306122449,205.0,0.09200076681939007
T1,other,total_chol,271.2448979591837,205.0,0.10345901613453268
T1,other,total_chol,275.2244897959184,205.0,0.11506761338251859
T1,other,total_chol,279.2040816326531,205.0,0.12673839389637087
T1,other,total_chol,283.18367346938777,205.0,0.13841418242635917
T1,other,total_chol,287.16326530612247,205.0,0.15008997095634768
T1,other,total_chol,291.1428571428571,205.0,0.16176575948633587
T1,other,total_chol,295.1224489795918,205.0,0.1734415480163244
T1,other,total_chol,299.1020408163265,205.0,0.18511733654631257
T1,other,total_chol,303.0816326530612,205.0,0.1967931250763013
T1,other,total_chol,307.0612244897959,205.0,0.20846891360628905
T1,other,total_chol,311.0408163265306,205.0,0.2201447021362779
T1,other,total_chol,315.0204081632653,205.0,0.23182049066626642
T1,other,total_chol,319.0,205.0,0.2434962791962545
T1,cvd,hdl,26.0,51.0,0.6330690058091266
T1,cvd,hdl,27.591836734693878,51.0,0.592442366398827
T1,cvd,hdl,29.183673469387756,51.0,0.5518157269885272
T1,cvd,hdl,30.775510204081634,51.0,0.5111890875782276
T1,cvd,hdl,32.36734693877551,51.0,0.47056243452332747
T1,cvd,hdl,33.95918367346939,51.0,0.42993373882120944
T1,cvd,hdl,35.55102040816327,51.0,0.38929684423030775
T1,cvd,hdl,37.14285714285714,51.0,0.3486450891534857
T1,cvd,hdl,38.734693877551024,51.0,0.30797181199360624
T1,cvd,hdl,40.326530612244895,51.0,0.26727035115353304
T1,cvd,hdl,41.91836734693878,51.0,0.22653404503612906
T1,cvd,hdl,43.51020408163265,51.0,0.18575623204425762
T1,cvd,hdl,45.10204081632653,51.0,0.14493028435165334
T1,cvd,hdl,46.69387755102041,51.0,0.10420391701009613
T1,cvd,hdl,48.285714285714285,51.0,0.06423461853506196
T1,cvd,hdl,49.87755102040816,51.0,0.025784976986368058
T1,cvd,hdl,51.46938775510204,51.0,-0.01038241957616659
T1,cvd,hdl,53.06122448979592,51.0,-0.04350498309272477
T1,cvd,hdl,54.6530612244898,51.0,-0.07282012550348793
T1,cvd,hdl,56.244897959183675,51.0,-0.09756525874863886
T1,cvd,hdl,57.83673469387755,51.0,-0.11700438002860358
T1,cvd,hdl,59.42857142857143,51.0,-0.13094517075737944
T1,cvd,hdl,61.02040816326531,51.0,-0.13970381287748235
T1,cvd,hdl,62.61224489795919,51.0,-0.14361602697983966
T1,cvd,hdl,64.20408163265306,51.0,-0.1430175336553785
T1,cvd,hdl,65.79591836734693,51.0,-0.138244053495026
T1,cvd,hdl,67.38775510204081,51.0,-0.1296313070897097
T1,cvd,hdl,68.9795918367347,51.0,-0.117515015030357
T1,cvd,hdl,70.57142857142857,51.0,-0.10223089790789541
T1,cvd,hdl,72.16326530612244,51.0,-0.08411467631325142
T1,cvd,hdl,73.75510204081633,51.0,-0.06350207083735349
T1,cvd,hdl,75.34693877551021,51.0,-0.040728802071127834
T1,cvd,hdl,76.93877551020408,51.0,-0.016130590605503148
T1,cvd,hdl,78.53061224489795,51.0,0.009956842968594115
T1,cvd,hdl,80.12244897959184,51.0,0.03719777806023705
T1,cvd,hdl,81.71428571428572,51.0,0.06525649407849787
T1,cvd,hdl,83.3061224489796,51.0,0.09379727043244879
T1,cvd,hdl,84.89795918367346,51.0,0.1224944303980866
T1,cvd,hdl,86.48979591836735,51.0,0.1511962246159968
T1,cvd,hdl,88.08163265306123,51.0,0.179898018833907
T1,cvd,hdl,89.6734693877551,51.0,0.20859981305181696
T1,cvd,hdl,91.26530612244898,51.0,0.2373016072697267
T1,cvd,hdl,92.85714285714286,51.0,0.2660034014876369
T1,cvd,hdl,94.44897959183673,51.0,0.2947051957055469
T1,cvd,hdl,96.04081632653062,51.0,0.32340698992345707
T1,cvd,hdl,97.63265306122449,51.0,0.3521087841413675
T1,cvd,hdl,99.22448979591837,51.0,0.380810578359277
T1,cvd,hdl,100.81632653061224,51.0,0.4095123725771872
T1,cvd,hdl,102.40816326530611,51.0,0.4382141667950967
T1,cvd,hdl,104.0,51.0,0.4669159610130069
T1,other,hdl,26.0,51.0,0.6139245949029978
T1,other,hdl,27.591836734693878,51.0,0.5651724663939406
T1,other,hdl,29.183673469387756,51.0,0.5164203378848835
T1,other,hdl,30.775510204081634,51.0,0.4676682093758263
T1,other,hdl,32.36734693877551,51.0,0.4189172264764307
T1,other,hdl,33.95918367346939,51.0,0.37033774558634924
T1,other,hdl,35.55102040816327,51.0,0.3224466488128235
T1,other,hdl,37.14285714285714,51.0,0.27580324825055436
T1,other,hdl,38.734693877551024,51.0,0.23096685599424305
T1,other,hdl,40.326530612244895,51.0,0.1884967841385914
T1,other,hdl,41.91836734693878,51.0,0.1489523447783001
T1,other,hdl,43.51020408163265,51.0,0.11289285000807059
T1,other,hdl,45.10204081632653,51.0,0.08087757857061861
T1,other,hdl,46.69387755102041,51.0,0.05331338076081504
T1,other,hdl,48.285714285714285,51.0,0.030103656511536236
T1,other,hdl,49.87755102040816,51.0,0.011048009839605077
T1,other,hdl,51.46938775510204,51.0,-0.004053955238157103
T1,other,hdl,53.06122448979592,51.0,-0.015402634704928087
T1,other,hdl,54.6530612244898,51.0,-0.023198424543885432
T1,other,hdl,56.244897959183675,51.0,-0.027641720738207143
T1,other,hdl,57.83673469387755,51.0,-0.028932431226163846
T1,other,hdl,59.42857142857143,51.0,-0.02726048314052476
T1,other,hdl,61.02040816326531,51.0,-0.022806468700987237
T1,other,hdl,62.61224489795919,51.0,-0.015750621442105928
T1,other,hdl,64.20408163265306,51.0,-0.006273174898436373
T1,other,hdl,65.79591836734693,51.0,0.005445637395467218
T1,other,hdl,67.38775510204081,51.0,0.019225581905050193
T1,other,hdl,68.9795918367347,51.0,0.03488642509575657
T1,other,hdl,70.57142857142857,51.0,0.05224793343303302
T1,other,hdl,72.16326530612244,51.0,0.0711298733823229
T1,other,hdl,73.75510204081633,51.0,0.09135201140907245
T1,other,hdl,75.34693877551021,51.0,0.11273411397872679
T1,other,hdl,76.93877551020408,51.0,0.13509594755673038
T1,other,hdl,78.53061224489795,51.0,0.15825727860852856
T1,other,hdl,80.12244897959184,51.0,0.18203787359956758
T1,other,hdl,81.71428571428572,51.0,0.20625749899529078
T1,other,hdl,83.3061224489796,51.0,0.2307359212611444
T1,other,hdl,84.89795918367346,51.0,0.2552982989704302
T1,other,hdl,86.48979591836735,51.0,0.2798631646047638
T1,other,hdl,88.08163265306123,51.0,0.3044280302390969
T1,other,hdl,89.6734693877551,51.0,0.3289928958734307
T1,other,hdl,91.26530612244898,51.0,0.3535577615077623
T1,other,hdl,92.85714285714286,51.0,0.378122627142097
T1,other,hdl,94.44897959183673,51.0,0.4026874927764288
T1,other,hdl,96.04081632653062,51.0,0.4272523584107637
T1,other,hdl,97.63265306122449,51.0,0.45181722404509594
T1,other,hdl,99.22448979591837,51.0,0.4763820896794295
T1,other,hdl,100.81632653061224,51.0,0.5009469553137624
T1,other,hdl,102.40816326530611,51.0,0.5255118209480962
T1,other,hdl,104.0,51.0,0.5500766865824291
T2,cvd,age,40.0,55.0,-1.5474631706292756
T2,cvd,age,40.795918367346935,55.0,-1.4653528799428246
T2,cvd,age,41.59183673469388,55.0,-1.3832425892563727
T2,cvd,age,42.38775510204081,55.0,-1.3011322985699216
T2,cvd,age,43.183673469387756,55.0,-1.2190220078834697
T2,cvd,age,43.97959183673469,55.0,-1.1369117171970187
T2,cvd,age,44.775510204081634,55.0,-1.0548014265105676
T2,cvd,age,45.57142857142857,55.0,-0.9726911358241166
T2,cvd,age,46.36734693877551,55.0,-0.8905808451376647
T2,cvd,age,47.16326530612245,55.0,-0.8084705544512136
T2,cvd,age,47.95918367346939,55.0,-0.7263602637647617
T2,cvd,age,48.755102040816325,55.0,-0.6442499730783107
T2,cvd,age,49.55102040816327,55.0,-0.5621396823918587
T2,cvd,age,50.3469387755102,55.0,-0.4800293917054077
T2,cvd,age,51.14285714285714,55.0,-0.39791910101895667
T2,cvd,age,51.93877551020408,55.0,-0.31580881033250474
T2,cvd,age,52.734693877551024,55.0,-0.2336985196460537
T2,cvd,age,53.53061224489796,55.0,-0.15158822895960267
T2,cvd,age,54.326530612244895,55.0,-0.06947793827315163
T2,cvd,age,55.12244897959184,55.0,0.012632352413300296
T2,cvd,age,55.91836734693878,55.0,0.09474264309975222
T2,cvd,age,56.714285714285715,55.0,0.17685293378620326
T2,cvd,age,57.51020408163265,55.0,0.2589632244726543
T2,cvd,age,58.30612244897959,55.0,0.3410735151591062
T2,cvd,age,59.10204081632653,55.0,0.42318380584555726
T2,cvd,age,59.897959183673464,55.0,0.5052940965320083
T2,cvd,age,60.69387755102041,55.0,0.5874043872184593
T2,cvd,age,61.48979591836735,55.0,0.6695146779049113
T2,cvd,age,62.285714285714285,55.0,0.7516249685913623
T2,cvd,age,63.08163265306122,55.0,0.8337352592778133
T2,cvd,age,63.87755102040816,55.0,0.9158455499642653
T2,cvd,age,64.6734693877551,55.0,0.9979558406507172
T2,cvd,age,65.46938775510205,55.0,1.080066131337169
T2,cvd,age,66.26530612244898,55.0,1.1621764220236193
T2,cvd,age,67.06122448979592,55.0,1.2442867127100712
T2,cvd,age,67.85714285714286,55.0,1.3263970033965222
T2,cvd,age,68.65306122448979,55.0,1.4085072940829733
T2,cvd,age,69.44897959183673,55.0,1.4906175847694243
T2,cvd,age,70.24489795918367,55.0,1.5727278754558762
T2,cvd,age,71.04081632653062,55.0,1.6548381661423281
T2,cvd,age,71.83673469387756,55.0,1.73694845682878
T2,cvd,age,72.63265306122449,55.0,1.8190587475152302
T2,cvd,age,73.42857142857143,55.0,1.9011690382016821
T2,cvd,age,74.22448979591837,55.0,1.983279328888134
T2,cvd,age,75.0204081632653,55.0,2.0653896195745842
T2,cvd,age,75.81632653061224,55.0,2.1474999102610353
T2,cvd,age,76.61224489795919,55.0,2.229610200947487
T2,cvd,age,77.40816326530611,55.0,2.3117204916339373
T2,cvd,age,78.20408163265306,55.0,2.39383078232039
T2,cvd,age,79.0,55.0,2.475941073006841
T2,other,age,40.0,55.0,-1.361571217593228
T2,other,age,40.795918367346935,55.0,-1.2893245815576693
T2,other,age,41.59183673469388,55.0,-1.2170779455221097
T2,other,age,42.38775510204081,55.0,-1.144831309486551
T2,other,age,43.183673469387756,55.0,-1.0725846734509918
T2,other,age,43.97959183673469,55.0,-1.0003380374154331
T2,other,age,44.775510204081634,55.0,-0.9280914013798736
T2,other,age,45.57142857142857,55.0,-0.8558447653443144
T2,other,age,46.36734693877551,55.0,-0.7835981293087553
T2,other,age,47.16326530612245,55.0,-0.711351493273197
T2,other,age,47.95918367346939,55.0,-0.639104857237637
T2,other,age,48.755102040816325,55.0,-0.5668582212020787
T2,other,age,49.55102040816327,55.0,-0.4946115851665196
T2,other,age,50.3469387755102,55.0,-0.42236494913096045
T2,other,age,51.14285714285714,55.0,-0.3501183130954022
T2,other,age,51.93877551020408,55.0,-0.27787167705984217
T2,other,age,52.734693877551024,55.0,-0.20562504102428303
T2,other,age,53.53061224489796,55.0,-0.13337840498872477
T2,other,age,54.326530612244895,55.0,-0.06113176895316563
T2,other,age,55.12244897959184,55.0,0.01111486708239351
T2,other,age,55.91836734693878,55.0,0.08336150311795354
T2,other,age,56.714285714285715,55.0,0.1556081391535118
T2,other,age,57.51020408163265,55.0,0.22785477518907093
T2,other,age,58.30612244897959,55.0,0.3001014112246301
T2,other,age,59.10204081632653,55.0,0.37234804726018833
T2,other,age,59.897959183673464,55.0,0.4445946832957475
T2,other,age,60.69387755102041,55.0,0.5168413193313066
T2,other,age,61.48979591836735,55.0,0.5890879553668658
T2,other,age,62.285714285714285,55.0,0.6613345914024249
T2,other,age,63.08163265306122,55.0,0.7335812274379832
T2,other,age,63.87755102040816,55.0,0.8058278634735432
T2,other,age,64.6734693877551,55.0,0.8780744995091023
T2,other,age,65.46938775510205,55.0,0.9503211355446615
T2,other,age,66.26530612244898,55.0,1.0225677715802197
T2,other,age,67.06122448979592,55.0,1.0948144076157789
T2,other,age,67.85714285714286,55.0,1.167061043651339
T2,other,age,68.65306122448979,55.0,1.2393076796868963
T2,other,age,69.44897959183673,55.0,1.3115543157224563
T2,other,age,70.24489795918367,55.0,1.3838009517580154
T2,other,age,71.04081632653062,55.0,1.4560475877935746
T2,other,age,71.83673469387756,55.0,1.5282942238291337
T2,other,age,72.63265306122449,55.0,1.600540859864692
T2,other,age,73.42857142857143,55.0,1.672787495900251
T2,other,age,74.22448979591837,55.0,1.7450341319358111
T2,other,age,75.0204081632653,55.0,1.8172807679713694
T2,other,age,75.81632653061224,55.0,1.8895274040069285
T2,other,age,76.61224489795919,55.0,1.9617740400424877
T2,other,age,77.40816326530611,55.0,2.034020676078046
T2,other,age,78.20408163265306,55.0,2.106267312113605
T2,other,age,79.0,55.0,2.178513948149164
T2,cvd,sbp,93.33333333333331,125.33333333333331,0.17653332310493774
T2,cvd,sbp,95.26530612244896,125.33333333333331,0.1563091764364125
T2,cvd,sbp,97.19727891156461,125.33333333333331,0.13608502976788728
T2,cvd,sbp,99.12925170068026,125.33333333333331,0.11586088309936193
T2,cvd,sbp,101.0612244897959,125.33333333333331,0.09563673643083659
T2,cvd,sbp,102.99319727891155,125.33333333333331,0.0754252352628415
T2,cvd,sbp,104.9251700680272,125.33333333333331,0.055511502822101155
T2,cvd,sbp,106.85714285714283,125.33333333333331,0.036443309768498855
T2,cvd,sbp,108.7891156462585,125.33333333333331,0.01877910537167904
T2,cvd,sbp,110.72108843537413,125.33333333333331,0.00307733890128703
T2,cvd,sbp,112.65306122448979,125.33333333333331,-0.01010354037303296
T2,cvd,sbp,114.58503401360542,125.33333333333331,-0.020205083181636274
T2,cvd,sbp,116.51700680272107,125.33333333333331,-0.026668840254878257
T2,cvd,sbp,118.44897959183672,125.33333333333331,-0.02893636232311403
T2,cvd,sbp,120.38095238095237,125.33333333333331,-0.026478590321857842
T2,cvd,sbp,122.31292517006801,125.33333333333331,-0.01932508509089792
T2,cvd,sbp,124.24489795918366,125.33333333333331,-0.008005696443892374
T2,cvd,sbp,126.17687074829931,125.33333333333331,0.006932046283776305
T2,cvd,sbp,128.10884353741494,125.33333333333331,0.024940613756725183
T2,cvd,sbp,130.0408163265306,125.33333333333331,0.04547247663957199
T2,cvd,sbp,131.97278911564626,125.33333333333331,0.06798010559693402
T2,cvd,sbp,133.9047619047619,125.33333333333331,0.09193679310897163
T2,cvd,sbp,135.83673469387753,125.33333333333331,0.11708205646587655
T2,cvd,sbp,137.7687074829932,125.33333333333331,0.14333939174706112
T2,cvd,sbp,139.70068027210883,125.33333333333331,0.1706359602932782
T2,cvd,sbp,141.6326530612245,125.33333333333331,0.19889892344528082
T2,cvd,sbp,143.56462585034012,125.33333333333331,0.22805544254382148
T2,cvd,sbp,145.49659863945578,125.33333333333331,0.25803267892965376
T2,cvd,sbp,147.42857142857142,125.33333333333331,0.2887577939435295
T2,cvd,sbp,149.36054421768705,125.33333333333331,0.3201579489262023
T2,cvd,sbp,151.2925170068027,125.33333333333331,0.352160305218426
T2,cvd,sbp,153.22448979591837,125.33333333333331,0.38469202416095194
T2,cvd,sbp,155.156462585034,125.33333333333331,0.41768026709453365
T2,cvd,sbp,157.08843537414964,125.33333333333331,0.4510521953599237
T2,cvd,sbp,159.0204081632653,125.33333333333331,0.4847349702978755
T2,cvd,sbp,160.95238095238096,125.33333333333331,0.518655753249142
T2,cvd,sbp,162.8843537414966,125.33333333333331,0.5527417055544757
T2,cvd,sbp,164.81632653061223,125.33333333333331,0.5869199885546288
T2,cvd,sbp,166.7482993197279,125.33333333333331,0.621122532791917
T2,cvd,sbp,168.68027210884355,125.33333333333331,0.6553253096756657
T2,cvd,sbp,170.6122448979592,125.33333333333331,0.6895280865594147
T2,cvd,sbp,172.54421768707482,125.33333333333331,0.7237308634431625
T2,cvd,sbp,174.47619047619048,125.33333333333331,0.7579336403269112
T2,cvd,sbp,176.40816326530611,125.33333333333331,0.7921364172106589
T2,cvd,sbp,178.34013605442175,125.33333333333331,0.8263391940944071
T2,cvd,sbp,180.2721088435374,125.33333333333331,0.8605419709781557
T2,cvd,sbp,182.20408163265307,125.33333333333331,0.8947447478619064
T2,cvd,sbp,184.1360544217687,125.33333333333331,0.928947524745652
T2,cvd,sbp,186.06802721088434,125.33333333333331,0.9631503016294007
T2,cvd,sbp,188.0,125.33333333333331,0.9973530785131506
T2,other,sbp,93.33333333333331,125.33333333333331,0.19722010820198976
T2,other,sbp,95.26530612244896,125.33333333333331,0.17386204869149902
T2,other,sbp,97.19727891156461,125.33333333333331,0.15050398918100827
T2,other,sbp,99.12925170068026,125.33333333333331,0.12714592967051752
T2,other,sbp,101.0612244897959,125.33333333333331,0.10378787016002655
T2,other,sbp,102.99319727891155,125.33333333333331,0.08044512482566346
T2,other,sbp,104.9251700680272,125.33333333333331,0.05746298860468979
T2,other,sbp,106.85714285714283,125.33333333333331,0.03550483234139201
T2,other,sbp,108.7891156462585,125.33333333333331,0.015246959077583444
T2,other,sbp,110.72108843537413,125.33333333333331,-0.002634328144921705
T2,other,sbp,112.65306122448979,125.33333333333331,-0.017462726284309893
T2,other,sbp,114.58503401360542,125.33333333333331,-0.028561932298767134
T2,other,sbp,116.51700680272107,125.33333333333331,-0.035255643146479665
T2,other,sbp,118.44897959183672,125.33333333333331,-0.03686755578563439
T2,other,sbp,120.38095238095237,125.33333333333331,-0.032768760077198644
T2,other,sbp,122.31292517006801,125.33333333333331,-0.023231143228483297
T2,other,sbp,124.24489795918366,125.33333333333331,-0.009333328792241025
T2,other,sbp,126.17687074829931,125.33333333333331,0.007817550729967593
T2,other,sbp,128.10884353741494,125.33333333333331,0.02711436283658064
T2,other,sbp,130.0408163265306,125.33333333333331,0.047449975026038205
T2,other,sbp,131.97278911564626,125.33333333333331,0.06771725479677815
T2,other,sbp,133.9047619047619,125.33333333333331,0.08686171380346175
T2,other,sbp,135.83673469387753,125.33333333333331,0.10450196449064042
T2,other,sbp,137.7687074829932,125.33333333333331,0.12072177605641499
T2,other,sbp,139.70068027210883,125.33333333333331,0.13561418464250075
T2,other,sbp,141.6326530612245,125.33333333333331,0.14927222639061344
T2,other,sbp,143.56462585034012,125.33333333333331,0.1617889374424688
T2,other,sbp,145.49659863945578,125.33333333333331,0.1732573539397826
T2,other,sbp,147.42857142857142,125.33333333333331,0.1837705120242692
T2,other,sbp,149.36054421768705,125.33333333333331,0.19342144783764526
T2,other,sbp,151.2925170068027,125.33333333333331,0.20230319752162695
T2,other,sbp,153.22448979591837,125.33333333333331,0.21050879721792803
T2,other,sbp,155.156462585034,125.33333333333331,0.21813128306826624
T2,other,sbp,157.08843537414964,125.33333333333331,0.22526369121435552
T2,other,sbp,159.0204081632653,125.33333333333331,0.23199905779791208
T2,other,sbp,160.95238095238096,125.33333333333331,0.23843041896065165
T2,other,sbp,162.8843537414966,125.33333333333331,0.2446508108442902
T2,other,sbp,164.81632653061223,125.33333333333331,0.25075326959054145
T2,other,sbp,166.7482993197279,125.33333333333331,0.25682473968434505
T2,other,sbp,168.68027210884355,125.33333333333331,0.2628959126209891
T2,other,sbp,170.6122448979592,125.33333333333331,0.26896708555763493
T2,other,sbp,172.54421768707482,125.33333333333331,0.27503825849427854
T2,other,sbp,174.47619047619048,125.33333333333331,0.2811094314309235
T2,other,sbp,176.40816326530611,125.33333333333331,0.28718060436756754
T2,other,sbp,178.34013605442175,125.33333333333331,0.29325177730421204
T2,other,sbp,180.2721088435374,125.33333333333331,0.29932295024085565
T2,other,sbp,182.20408163265307,125.33333333333331,0.30539412317750236
T2,other,sbp,184.1360544217687,125.33333333333331,0.3114652961141442
T2,other,sbp,186.06802721088434,125.33333333333331,0.31753646905078914
T2,other,sbp,188.0,125.33333333333331,0.32360764198743497
T2,cvd,bmi,18.36,28.19,0.753491441828875
T2,cvd,bmi,18.965518367346938,28.19,0.6914076908822326
T2,cvd,bmi,19.571036734693877,28.19,0.6293239399355905
T2,cvd,bmi,20.176555102040815,28.19,0.567240188988948
T2,cvd,bmi,20.782073469387754,28.19,0.5051565269364278
T2,cvd,bmi,21.387591836734693,28.19,0.4432517034648691
T2,cvd,bmi,21.99311020408163,28.19,0.3822576019577837
T2,cvd,bmi,22.598628571428574,28.19,0.3230128260082026
T2,cvd,bmi,23.204146938775512,28.19,0.26635597920915943
T2,cvd,bmi,23.80966530612245,28.19,0.21312566515368614
T2,cvd,bmi,24.41518367346939,28.19,0.16416048743481548
T2,cvd,bmi,25.020702040816328,28.19,0.12029904964557891
T2,cvd,bmi,25.626220408163267,28.19,0.08237995537901055
T2,cvd,bmi,26.231738775510205,28.19,0.05124180822814095
T2,cvd,bmi,26.837257142857148,28.19,0.027529520001532415
T2,cvd,bmi,27.442775510204086,28.19,0.011039829819023073
T2,cvd,bmi,28.048293877551025,28.19,0.001337376247643629
T2,cvd,bmi,28.653812244897964,28.19,-0.002013207969500108
T2,cvd,bmi,29.259330612244902,28.19,0.000552709910695004
T2,cvd,bmi,29.86484897959184,28.19,0.008599762631334329
T2,cvd,bmi,30.47036734693878,28.19,0.02169314116075105
T2,cvd,bmi,31.075885714285718,28.19,0.039448531851395074
T2,cvd,bmi,31.681404081632657,28.19,0.061571643327335224
T2,cvd,bmi,32.286922448979595,28.19,0.08777748608547808
T2,cvd,bmi,32.892440816326534,28.19,0.1177810706227298
T2,cvd,bmi,33.49795918367347,28.19,0.15129740743599607
T2,cvd,bmi,34.10347755102041,28.19,0.18804150702218347
T2,cvd,bmi,34.70899591836735,28.19,0.22772837987819772
T2,cvd,bmi,35.314514285714296,28.19,0.27007303650094583
T2,cvd,bmi,35.92003265306123,28.19,0.3147904873873322
T2,cvd,bmi,36.52555102040817,28.19,0.36159574303426556
T2,cvd,bmi,37.131069387755105,28.19,0.410203813938649
T2,cvd,bmi,37.73658775510205,28.19,0.4603297105973909
T2,cvd,bmi,38.34210612244898,28.19,0.5116884435073961
T2,cvd,bmi,38.94762448979593,28.19,0.5639950231655733
T2,cvd,bmi,39.55314285714286,28.19,0.6169644600688247
T2,cvd,bmi,40.158661224489805,28.19,0.6703117647140593
T2,cvd,bmi,40.76417959183674,28.19,0.7237664971465019
T2,cvd,bmi,41.36969795918368,28.19,0.7772228736967679
T2,cvd,bmi,41.97521632653062,28.19,0.8306792502470328
T2,cvd,bmi,42.58073469387756,28.19,0.8841356267972988
T2,cvd,bmi,43.1862530612245,28.19,0.937592003347564
T2,cvd,bmi,43.79177142857144,28.19,0.9910483798978291
T2,cvd,bmi,44.397289795918375,28.19,1.0445047564480965
T2,cvd,bmi,45.002808163265314,28.19,1.0979611329983627
T2,cvd,bmi,45.60832653061225,28.19,1.1514175095486263
T2,cvd,bmi,46.21384489795919,28.19,1.204873886098894
T2,cvd,bmi,46.81936326530613,28.19,1.2583302626491588
T2,cvd,bmi,47.42488163265307,28.19,1.3117866391994233
T2,cvd,bmi,48.03040000000001,28.19,1.3652430157496873
T2,other,bmi,18.36,28.19,0.78190421590637
T2,other,bmi,18.965518367346938,28.19,0.7158454173031652
T2,other,bmi,19.571036734693877,28.19,0.6497866186999603
T2,other,bmi,20.176555102040815,28.19,0.5837278200967551
T2,other,bmi,20.782073469387754,28.19,0.5176691239802671
T2,other,bmi,21.387591836734693,28.19,0.4518166122390146
T2,other,bmi,21.99311020408163,28.19,0.38701407885393246
T2,other,bmi,22.598628571428574,28.19,0.3242283563561763
T2,other,bmi,23.204146938775512,28.19,0.26442627727690393
T2,other,bmi,23.80966530612245,28.19,0.2085746741472696
T2,other,bmi,24.41518367346939,28.19,0.15764037949843157
T2,other,bmi,25.020702040816328,28.19,0.11259022586154455
T2,other,bmi,25.626220408163267,28.19,0.07439104576776545
T2,other,bmi,26.231738775510205,28.19,0.04400967174825077
T2,other,bmi,26.837257142857148,28.19,0.022112568994020698
T2,other,bmi,27.442775510204086,28.19,0.00805089975135509
T2,other,bmi,28.048293877551025,28.19,0.0008158965674991414
T2,other,bmi,28.653812244897964,28.19,-0.0006012170417530882
T2,other,bmi,29.259330612244902,28.19,0.0027907824393933467
T2,other,bmi,29.86484897959184,28.19,0.00998311852673428
T2,other,bmi,30.47036734693878,28.19,0.019970297527588166
T2,other,bmi,31.075885714285718,28.19,0.03204377724927143
T2,other,bmi,31.681404081632657,28.19,0.04602441534539503
T2,other,bmi,32.286922448979595,28.19,0.06178777160007254
T2,other,bmi,32.892440816326534,28.19,0.07920940579741798
T2,other,bmi,33.49795918367347,28.19,0.09816487772154403
T2,other,bmi,34.10347755102041,28.19,0.11852974715656606
T2,other,bmi,34.70899591836735,28.19,0.14017957388659674
T2,other,bmi,35.314514285714296,28.19,0.162989917695751
T2,other,bmi,35.92003265306123,28.19,0.1868363383681415
T2,other,bmi,36.52555102040817,28.19,0.21159439568788319
T2,other,bmi,37.131069387755105,28.19,0.23713964943908739
T2,other,bmi,37.73658775510205,28.19,0.26334765940587035
T2,other,bmi,38.34210612244898,28.19,0.2900939853723452
T2,other,bmi,38.94762448979593,28.19,0.31725418712262643
T2,other,bmi,39.55314285714286,28.19,0.3447038244408258
T2,other,bmi,40.158661224489805,28.19,0.37231845711105827
T2,other,bmi,40.76417959183674,28.19,0.3999799979547065
T2,other,bmi,41.36969795918368,28.19,0.4276422566998006
T2,other,bmi,41.97521632653062,28.19,0.4553045154448938
T2,other,bmi,42.58073469387756,28.19,0.48296677418999057
T2,other,bmi,43.1862530612245,28.19,0.5106290329350838
T2,other,bmi,43.79177142857144,28.19,0.5382912916801783
T2,other,bmi,44.397289795918375,28.19,0.5659535504252746
T2,other,bmi,45.002808163265314,28.19,0.5936158091703705
T2,other,bmi,45.60832653061225,28.19,0.6212780679154641
T2,other,bmi,46.21384489795919,28.19,0.6489403266605605
T2,other,bmi,46.81936326530613,28.19,0.676602585405655
T2,other,bmi,47.42488163265307,28.19,0.7042648441507486
T2,other,bmi,48.03040000000001,28.19,0.7319271028958405
T2,cvd,total_chol,124.0,205.0,-0.12780123266375548
T2,cvd,total_chol,127.9795918367347,205.0,-0.11821902077239094
T2,cvd,total_chol,131.9591836734694,205.0,-0.10863680888102639
T2,cvd,total_chol,135.9387755102041,205.0,-0.0990545969896619
T2,cvd,total_chol,139.91836734693877,205.0,-0.08947238509829741
T2,cvd,total_chol,143.89795918367346,205.0,-0.07989017320693292
T2,cvd,total_chol,147.87755102040816,205.0,-0.07030796131556838
T2,cvd,total_chol,151.85714285714286,205.0,-0.06074836680310425
T2,cvd,total_chol,155.83673469387756,205.0,-0.051333230196201396
T2,cvd,total_chol,159.81632653061223,205.0,-0.042211593895464916
T2,cvd,total_chol,163.79591836734693,205.0,-0.033532501025119676
T2,cvd,total_chol,167.77551020408163,205.0,-0.025444994709390822
T2,cvd,total_chol,171.75510204081633,205.0,-0.0180981180725035
T2,cvd,total_chol,175.73469387755102,205.0,-0.011640914238682631
T2,cvd,total_chol,179.71428571428572,205.0,-0.006222426332153419
T2,cvd,total_chol,183.69387755102042,205.0,-0.0019916974771408413
T2,cvd,total_chol,187.67346938775512,205.0,0.0009022292021300671
T2,cvd,total_chol,191.65306122448982,205.0,0.0023180164460470665
T2,cvd,total_chol,195.6326530612245,205.0,0.0023883587061701572
T2,cvd,total_chol,199.6122448979592,205.0,0.0015878221766147949
T2,cvd,total_chol,203.59183673469389,205.0,0.0004124553561776767
T2,cvd,total_chol,207.57142857142856,205.0,-0.0006416932563445554
T2,cvd,total_chol,211.55102040816325,205.0,-0.0010785751621553707
T2,cvd,total_chol,215.53061224489795,205.0,-0.0004021418624578499
T2,cvd,total_chol,219.51020408163265,205.0,0.001883655141544538
T2,cvd,total_chol,223.48979591836735,205.0,0.006202405863155402
T2,cvd,total_chol,227.46938775510205,205.0,0.012557066821162977
T2,cvd,total_chol,231.44897959183675,205.0,0.02079918931022312
T2,cvd,total_chol,235.42857142857144,205.0,0.030780124300224587
T2,cvd,total_chol,239.40816326530614,205.0,0.042351222761056184
T2,cvd,total_chol,243.38775510204084,205.0,0.055363835662606886
T2,cvd,total_chol,247.3673469387755,205.0,0.06966931397476517
T2,cvd,total_chol,251.3469387755102,205.0,0.08511900866742039
T2,cvd,total_chol,255.3265306122449,205.0,0.10156427071046081
T2,cvd,total_chol,259.30612244897964,205.0,0.11885645107377607
T2,cvd,total_chol,263.28571428571433,205.0,0.13684690072725436
T2,cvd,total_chol,267.265306122449,205.0,0.15538697064078433
T2,cvd,total_chol,271.2448979591837,205.0,0.1743280117842555
T2,cvd,total_chol,275.2244897959184,205.0,0.1935213751275563
T2,cvd,total_chol,279.2040816326531,205.0,0.21281909786003694
T2,cvd,total_chol,283.18367346938777,205.0,0.23212522532163016
T2,cvd,total_chol,287.16326530612247,205.0,0.25143135278322326
T2,cvd,total_chol,291.1428571428571,205.0,0.2707374802448165
T2,cvd,total_chol,295.1224489795918,205.0,0.2900436077064098
T2,cvd,total_chol,299.1020408163265,205.0,0.30934973516800346
T2,cvd,total_chol,303.0816326530612,205.0,0.328655862629596
T2,cvd,total_chol,307.0612244897959,205.0,0.34796199009119055
T2,cvd,total_chol,311.0408163265306,205.0,0.3672681175527833
T2,cvd,total_chol,315.0204081632653,205.0,0.3865742450143763
T2,cvd,total_chol,319.0,205.0,0.40588037247596975
T2,other,total_chol,124.0,205.0,0.3060749016723945
T2,other,total_chol,127.9795918367347,205.0,0.28653792602995
T2,other,total_chol,131.9591836734694,205.0,0.2670009503875055
T2,other,total_chol,135.9387755102041,205.0,0.24746397474506088
T2,other,total_chol,139.91836734693877,205.0,0.2279269991026166
T2,other,total_chol,143.89795918367346,205.0,0.208390023460172
T2,other,total_chol,147.87755102040816,205.0,0.1888530478177275
T2,other,total_chol,151.85714285714286,205.0,0.16934538790171505
T2,other,total_chol,155.83673469387756,205.0,0.15002496844619218
T2,other,total_chol,159.81632653061223,205.0,0.13108497214762216
T2,other,total_chol,163.79591836734693,205.0,0.11271858264039503
T2,other,total_chol,167.77551020408163,205.0,0.0951189835589007
T2,other,total_chol,171.75510204081633,205.0,0.07847935853752952
T2,other,total_chol,175.73469387755102,205.0,0.06299289121067153
T2,other,total_chol,179.71428571428572,205.0,0.048852765212716864
T2,other,total_chol,183.69387755102042,205.0,0.036252164178055435
T2,other,total_chol,187.67346938775512,205.0,0.02538427174107749
T2,other,total_chol,191.65306122448982,205.0,0.016438215653030386
T2,other,total_chol,195.6326530612245,205.0,0.009458890583769253
T2,other,total_chol,199.6122448979592,205.0,0.004311251390129778
T2,other,total_chol,203.59183673469389,205.0,0.000848945993022765
T2,other,total_chol,207.57142857142856,205.0,-0.0010743776866408705
T2,other,total_chol,211.55102040816325,205.0,-0.0016050717279502136
T2,other,total_chol,215.53061224489795,205.0,-0.000889488209994016
T2,other,total_chol,219.51020408163265,205.0,0.0009260207881380822
T2,other,total_chol,223.48979591836735,205.0,0.0037043372495375593
T2,other,total_chol,227.46938775510205,205.0,0.007361948415768538
T2,other,total_chol,231.44897959183675,205.0,0.011834636511509178
T2,other,total_chol,235.42857142857144,205.0,0.017058209290695903
T2,other,total_chol,239.40816326530614,205.0,0.02296847450726447
T2,other,total_chol,243.38775510204084,205.0,0.029501239915150967
T2,other,total_chol,247.3673469387755,205.0,0.036592313268291266
T2,other,total_chol,251.3469387755102,205.0,0.04417750232062145
T2,other,total_chol,255.3265306122449,205.0,0.05219261482607762
T2,other,total_chol,259.30612244897964,205.0,0.06057345853859597
T2,other,total_chol,263.28571428571433,205.0,0.06925584121211203
T2,other,total_chol,267.265306122449,205.0,0.07817557060056202
T2,other,total_chol,271.2448979591837,205.0,0.08726845445788212
T2,other,total_chol,275.2244897959184,205.0,0.09647030053800831
T2,other,total_chol,279.2040816326531,205.0,0.1057172129302677
T2,other,total_chol,283.18367346938777,205.0,0.11496775480089583
T2,other,total_chol,287.16326530612247,205.0,0.12421829667152418
T2,other,total_chol,291.1428571428571,205.0,0.1334688385421523
T2,other,total_chol,295.1224489795918,205.0,0.14271938041278043
T2,other,total_chol,299.1020408163265,205.0,0.15196992228340866
T2,other,total_chol,303.0816326530612,205.0,0.16122046415403746
T2,other,total_chol,307.0612244897959,205.0,0.17047100602466447
T2,other,total_chol,311.0408163265306,205.0,0.1797215478952935
T2,other,total_chol,315.0204081632653,205.0,0.18897208976592184
T2,other,total_chol,319.0,205.0,0.19822263163654974
T2,cvd,hdl,26.0,51.0,0.5868540914728049
T2,cvd,hdl,27.591836734693878,51.0,0.5489636725365685
T2,cvd,hdl,29.183673469387756,51.0,0.5110732536003322
T2,cvd,hdl,30.775510204081634,51.0,0.4731828346640957
T2,cvd,hdl,32.36734693877551,51.0,0.4352924309737446
T2,cvd,hdl,33.95918367346939,51.0,0.3974043096488784
T2,cvd,hdl,35.55102040816327,51.0,0.35952534940704683
T2,cvd,hdl,37.14285714285714,51.0,0.32166299362821615
T2,cvd,hdl,38.734693877551024,51.0,0.28382468569235164
T2,cvd,hdl,40.326530612244895,51.0,0.2460178689794198
T2,cvd,hdl,41.91836734693878,51.0,0.20824998686938556
T2,cvd,hdl,43.51020408163265,51.0,0.17052848274221533
T2,cvd,hdl,45.10204081632653,51.0,0.13286083003369908
T2,cvd,hdl,46.69387755102041,51.0,0.09539186619343676
T2,cvd,hdl,48.285714285714285,51.0,0.058720123263186874
T2,cvd,hdl,49.87755102040816,51.0,0.023537671097680235
T2,cvd,hdl,51.46938775510204,51.0,-0.009463420448351245
T2,cvd,hdl,53.06122448979592,51.0,-0.0395910815201761
T2,cvd,hdl,54.6530612244898,51.0,-0.06615324226306307
T2,cvd,hdl,56.244897959183675,51.0,-0.08845783282228048
T2,cvd,hdl,57.83673469387755,51.0,-0.10583706741353227
T2,cvd,hdl,59.42857142857143,51.0,-0.11811978378058363
T2,cvd,hdl,61.02040816326531,51.0,-0.12559930496986405
T2,cvd,hdl,62.61224489795919,51.0,-0.12858680143308931
T2,cvd,hdl,64.20408163265306,51.0,-0.12739344362197613
T2,cvd,hdl,65.79591836734693,51.0,-0.12233040198823941
T2,cvd,hdl,67.38775510204081,51.0,-0.11370884698359607
T2,cvd,hdl,68.9795918367347,51.0,-0.1018399490597619
T2,cvd,hdl,70.57142857142857,51.0,-0.08703487866845339
T2,cvd,hdl,72.16326530612244,51.0,-0.06960480626138588
T2,cvd,hdl,73.75510204081633,51.0,-0.049860902290275844
T2,cvd,hdl,75.34693877551021,51.0,-0.02811433720683909
T2,cvd,hdl,76.93877551020408,51.0,-0.004676281462792309
T2,cvd,hdl,78.53061224489795,51.0,0.0201420944901487
T2,cvd,hdl,80.12244897959184,51.0,0.04602962020026857
T2,cvd,hdl,81.71428571428572,51.0,0.07267512521585018
T2,cvd,hdl,83.3061224489796,51.0,0.09976743908517816
T2,cvd,hdl,84.89795918367346,51.0,0.12700470074860815
T2,cvd,hdl,86.48979591836735,51.0,0.15424625777673073
T2,cvd,hdl,88.08163265306123,51.0,0.181487814804854
T2,cvd,hdl,89.6734693877551,51.0,0.20872937183297657
T2,cvd,hdl,91.26530612244898,51.0,0.23597092886109894
T2,cvd,hdl,92.85714285714286,51.0,0.2632124858892222
T2,cvd,hdl,94.44897959183673,51.0,0.29045404291734433
T2,cvd,hdl,96.04081632653062,51.0,0.3176955999454676
T2,cvd,hdl,97.63265306122449,51.0,0.3449371569735906
T2,cvd,hdl,99.22448979591837,51.0,0.3721787140017123
T2,cvd,hdl,100.81632653061224,51.0,0.39942027102983557
T2,cvd,hdl,102.40816326530611,51.0,0.42666182805795816
T2,cvd,hdl,104.0,51.0,0.4539033850860805
T2,other,hdl,26.0,51.0,0.5894650768433153
T2,other,hdl,27.591836734693878,51.0,0.5421260061081814
T2,other,hdl,29.183673469387756,51.0,0.4947869353730475
T2,other,hdl,30.775510204081634,51.0,0.44744786463791364
T2,other,hdl,32.36734693877551,51.0,0.4001099599275021
T2,other,hdl,33.95918367346939,51.0,0.3529466134366328
T2,other,hdl,35.55102040816327,51.0,0.30648391824557897
T2,other,hdl,37.14285714285714,51.0,0.2612911535354405
T2,other,hdl,38.734693877551024,51.0,0.21793759848731709
T2,other,hdl,40.326530612244895,51.0,0.17699253228230916
T2,other,hdl,41.91836734693878,51.0,0.13902523410151613
T2,other,hdl,43.51020408163265,51.0,0.10460498312603872
T2,other,hdl,45.10204081632653,51.0,0.07430102244270476
T2,other,hdl,46.69387755102041,51.0,0.048517633634581836
T2,other,hdl,48.285714285714285,51.0,0.027114252949375528
T2,other,hdl,49.87755102040816,51.0,0.00983798635367461
T2,other,hdl,51.46938775510204,51.0,-0.0035640601859330268
T2,other,hdl,53.06122448979592,51.0,-0.01334478070285905
T2,other,hdl,54.6530612244898,51.0,-0.019757069230515123
T2,other,hdl,56.244897959183675,51.0,-0.023053819802312914
T2,other,hdl,57.83673469387755,51.0,-0.02348571904287189
T2,other,hdl,59.42857142857143,51.0,-0.02125831076826956
T2,other,hdl,61.02040816326531,51.0,-0.016534917333247412
T2,other,hdl,62.61224489795919,51.0,-0.009477238773115015
T2,other,hdl,64.20408163265306,51.0,-0.0002469751231817252
T2,other,hdl,65.79591836734693,51.0,0.010994173581242883
T2,other,hdl,67.38775510204081,51.0,0.024084507304848568
T2,other,hdl,68.9795918367347,51.0,0.03886232601232642
T2,other,hdl,70.57142857142857,51.0,0.055165929668367086
T2,other,hdl,72.16326530612244,51.0,0.07283361823765988
T2,other,hdl,73.75510204081633,51.0,0.09170369168489634
T2,other,hdl,75.34693877551021,51.0,0.11161444997476622
T2,other,hdl,76.93877551020408,51.0,0.13240419307195994
T2,other,hdl,78.53061224489795,51.0,0.15391122094116794
T2,other,hdl,80.12244897959184,51.0,0.17597383354708107
T2,other,hdl,81.71428571428572,51.0,0.19843033085438888
T2,other,hdl,83.3061224489796,51.0,0.2211190128277829
T2,other,hdl,84.89795918367346,51.0,0.24388301706681892
T2,other,hdl,86.48979591836735,51.0,0.2666492533963991
T2,other,hdl,88.08163265306123,51.0,0.28941548972597775
T2,other,hdl,89.6734693877551,51.0,0.3121817260555575
T2,other,hdl,91.26530612244898,51.0,0.334947962385135
T2,other,hdl,92.85714285714286,51.0,0.3577141987147163
T2,other,hdl,94.44897959183673,51.0,0.3804804350442941
T2,other,hdl,96.04081632653062,51.0,0.4032466713738745
T2,other,hdl,97.63265306122449,51.0,0.4260129077034529
T2,other,hdl,99.22448979591837,51.0,0.44877914403303243
T2,other,hdl,100.81632653061224,51.0,0.47154538036261173
T2,other,hdl,102.40816326530611,51.0,0.49431161669219037
T2,other,hdl,104.0,51.0,0.517077853021771
T2,cvd,hba1c,4.6,5.5,0.12255411663683491
T2,cvd,hba1c,4.7326530612244895,5.5,0.10370870447174974
T2,cvd,hba1c,4.865306122448979,5.5,0.08486329230666467
T2,cvd,hba1c,4.997959183673469,5.5,0.06604085764214895
T2,cvd,hba1c,5.130612244897959,5.5,0.04747225608629635
T2,cvd,hba1c,5.263265306122449,5.5,0.029498816922446602
T2,cvd,hba1c,5.395918367346939,5.5,0.012462890199096632
T2,cvd,hba1c,5.5285714285714285,5.5,-0.0032402248584790794
T2,cvd,hba1c,5.661224489795918,5.5,-0.016982939332450653
T2,cvd,hba1c,5.793877551020408,5.5,-0.028125465970134544
T2,cvd,hba1c,5.926530612244898,5.5,-0.03654545712736579
T2,cvd,hba1c,6.059183673469388,5.5,-0.04241955002865683
T2,cvd,hba1c,6.191836734693878,5.5,-0.04592800980106215
T2,cvd,hba1c,6.3244897959183675,5.5,-0.04725110157163648
T2,cvd,hba1c,6.457142857142857,5.5,-0.04656909046743407
T2,cvd,hba1c,6.589795918367347,5.5,-0.04406224161551009
T2,cvd,hba1c,6.722448979591837,5.5,-0.0399108201429188
T2,cvd,hba1c,6.855102040816327,5.5,-0.03429509117671459
T2,cvd,hba1c,6.987755102040817,5.5,-0.027395319843952493
T2,cvd,hba1c,7.1204081632653065,5.5,-0.019391771271686786
T2,cvd,hba1c,7.253061224489796,5.5,-0.010464710586972292
T2,cvd,hba1c,7.385714285714286,5.5,-0.0007944029168631683
T2,cvd,hba1c,7.518367346938776,5.5,0.009438886611585429
T2,cvd,hba1c,7.651020408163266,5.5,0.02005489287131923
T2,cvd,hba1c,7.783673469387755,5.5,0.030873350735283522
T2,cvd,hba1c,7.916326530612245,5.5,0.04173425533415376
T2,cvd,hba1c,8.048979591836734,5.5,0.05259521594622063
T2,cvd,hba1c,8.181632653061225,5.5,0.06345617655828784
T2,cvd,hba1c,8.314285714285713,5.5,0.07431713717035482
T2,cvd,hba1c,8.446938775510205,5.5,0.08517809778242225
T2,cvd,hba1c,8.579591836734693,5.5,0.09603905839448912
T2,cvd,hba1c,8.712244897959184,5.5,0.10690001900655632
T2,cvd,hba1c,8.844897959183672,5.5,0.11776097961862275
T2,cvd,hba1c,8.977551020408164,5.5,0.12862194023069062
T2,cvd,hba1c,9.110204081632652,5.5,0.13948290084275705
T2,cvd,hba1c,9.242857142857144,5.5,0.15034386145482448
T2,cvd,hba1c,9.375510204081632,5.5,0.1612048220668918
T2,cvd,hba1c,9.508163265306123,5.5,0.172065782678959
T2,cvd,hba1c,9.640816326530611,5.5,0.18292674329102576
T2,cvd,hba1c,9.773469387755103,5.5,0.19378770390309308
T2,cvd,hba1c,9.906122448979591,5.5,0.2046486645151604
T2,cvd,hba1c,10.038775510204083,5.5,0.21550962512722727
T2,cvd,hba1c,10.17142857142857,5.5,0.22637058573929447
T2,cvd,hba1c,10.304081632653062,5.5,0.23723154635136223
T2,cvd,hba1c,10.43673469387755,5.5,0.24809250696342877
T2,cvd,hba1c,10.569387755102042,5.5,0.25895346757549575
T2,cvd,hba1c,10.70204081632653,5.5,0.2698144281875636
T2,cvd,hba1c,10.834693877551022,5.5,0.2806753887996304
T2,cvd,hba1c,10.96734693877551,5.5,0.29153634941169587
T2,cvd,hba1c,11.1,5.5,0.3023973100237634
T2,other,hba1c,4.6,5.5,0.37661071816931546
T2,other,hba1c,4.7326530612244895,5.5,0.31882911321282714
T2,other,hba1c,4.865306122448979,5.5,0.26104750825633927
T2,other,hba1c,4.997959183673469,5.5,0.20333253960760578
T2,other,hba1c,5.130612244897959,5.5,0.14635370416431126
T2,other,hba1c,5.263265306122449,5.5,0.09110087996395233
T2,other,hba1c,5.395918367346939,5.5,0.038566905332110935
T2,other,hba1c,5.5285714285714285,5.5,-0.010035738751361656
T2,other,hba1c,5.661224489795918,5.5,-0.05253099212111101
T2,other,hba1c,5.793877551020408,5.5,-0.08665733717767798
T2,other,hba1c,5.926530612244898,5.5,-0.1119493583696678
T2,other,hba1c,6.059183673469388,5.5,-0.12897945725332383
T2,other,hba1c,6.191836734693878,5.5,-0.1383326283276025
T2,other,hba1c,6.3244897959183675,5.5,-0.14059386609145896
T2,other,hba1c,6.457142857142857,5.5,-0.1363481650438505
T2,other,hba1c,6.589795918367347,5.5,-0.12618051968373223
T2,other,hba1c,6.722448979591837,5.5,-0.11067592451006059
T2,other,hba1c,6.855102040816327,5.5,-0.09041937402179201
T2,other,hba1c,6.987755102040817,5.5,-0.06599586271788205
T2,other,hba1c,7.1204081632653065,5.5,-0.03799038509728758
T2,other,hba1c,7.253061224489796,5.5,-0.0069879356589632735
T2,other,hba1c,7.385714285714286,5.5,0.02642649109813311
T2,other,hba1c,7.518367346938776,5.5,0.06166790067504646
T2,other,hba1c,7.651020408163266,5.5,0.09815129857282034
T2,other,hba1c,7.783673469387755,5.5,0.13529169029249877
T2,other,hba1c,7.916326530612245,5.5,0.17256982971093793
T2,other,hba1c,8.048979591836734,5.5,0.2098481509028156
T2,other,hba1c,8.181632653061225,5.5,0.24712647209469507
T2,other,hba1c,8.314285714285713,5.5,0.2844047932865723
T2,other,hba1c,8.446938775510205,5.5,0.3216831144784513
T2,other,hba1c,8.579591836734693,5.5,0.35896143567032857
T2,other,hba1c,8.712244897959184,5.5,0.3962397568622076
T2,other,hba1c,8.844897959183672,5.5,0.4335180780540844
T2,other,hba1c,8.977551020408164,5.5,0.47079639924596406
T2,other,hba1c,9.110204081632652,5.5,0.5080747204378395
T2,other,hba1c,9.242857142857144,5.5,0.5453530416297192
T2,other,hba1c,9.375510204081632,5.5,0.582631362821598
T2,other,hba1c,9.508163265306123,5.5,0.6199096840134772
T2,other,hba1c,9.640816326530611,5.5,0.6571880052053538
T2,other,hba1c,9.773469387755103,5.5,0.694466326397233
T2,other,hba1c,9.906122448979591,5.5,0.7317446475891112
T2,other,hba1c,10.038775510204083,5.5,0.769022968780988
T2,other,hba1c,10.17142857142857,5.5,0.8063012899728674
T2,other,hba1c,10.304081632653062,5.5,0.8435796111647476
T2,other,hba1c,10.43673469387755,5.5,0.8808579323566237
T2,other,hba1c,10.569387755102042,5.5,0.9181362535485023
T2,other,hba1c,10.70204081632653,5.5,0.9554145747403819
T2,other,hba1c,10.834693877551022,5.5,0.9926928959322592
T2,other,hba1c,10.96734693877551,5.5,1.0299712171241329
T2,other,hba1c,11.1,5.5,1.0672495383160119
T2,cvd,egfr,40.25098469249903,91.7771541748838,1.03006601873908
T2,cvd,egfr,41.85230823191759,91.7771541748838,0.9784386298845349
T2,cvd,egfr,43.453631771336156,91.7771541748838,0.9268112410299898
T2,cvd,egfr,45.054955310754714,91.7771541748838,0.8751838521754447
T2,cvd,egfr,46.65627885017327,91.7771541748838,0.8235564633208998
T2,cvd,egfr,48.25760238959184,91.7771541748838,0.7719290744663547
T2,cvd,egfr,49.8589259290104,91.7771541748838,0.7203016856118096
T2,cvd,egfr,51.460249468428955,91.7771541748838,0.6686742967572648
T2,cvd,egfr,53.061573007847514,91.7771541748838,0.6170469079027197
T2,cvd,egfr,54.66289654726608,91.7771541748838,0.5654195190481746
T2,cvd,egfr,56.26422008668464,91.7771541748838,0.5137921301936297
T2,cvd,egfr,57.865543626103204,91.7771541748838,0.46216492497831463
T2,cvd,egfr,59.46686716552176,91.7771541748838,0.41063577669469153
T2,cvd,egfr,61.06819070494032,91.7771541748838,0.3595607215760446
T2,cvd,egfr,62.66951424435888,91.7771541748838,0.30933795008443266
T2,cvd,egfr,64.27083778377744,91.7771541748838,0.2603656526819136
T2,cvd,egfr,65.872161323196,91.7771541748838,0.2130420198305476
T2,cvd,egfr,67.47348486261457,91.7771541748838,0.16776524199239295
T2,cvd,egfr,69.07480840203313,91.7771541748838,0.12493350962950833
T2,cvd,egfr,70.67613194145169,91.7771541748838,0.08494501320395287
T2,cvd,egfr,72.27745548087024,91.7771541748838,0.04819794317778481
T2,cvd,egfr,73.87877902028882,91.7771541748838,0.015090490013063729
T2,cvd,egfr,75.48010255970738,91.7771541748838,-0.01397915582815168
T2,cvd,egfr,77.08142609912593,91.7771541748838,-0.03861280388380317
T2,cvd,egfr,78.6827496385445,91.7771541748838,-0.05841226369183117
T2,cvd,egfr,80.28407317796305,91.7771541748838,-0.07297934479017787
T2,cvd,egfr,81.88539671738161,91.7771541748838,-0.08191585671678325
T2,cvd,egfr,83.48672025680017,91.7771541748838,-0.08482360900958952
T2,cvd,egfr,85.08804379621873,91.7771541748838,-0.08134163244001691
T2,cvd,egfr,86.68936733563729,91.7771541748838,-0.07146886265194352
T2,cvd,egfr,88.29069087505584,91.7771541748838,-0.055405972867292874
T2,cvd,egfr,89.89201441447442,91.7771541748838,-0.03335586154118664
T2,cvd,egfr,91.49333795389298,91.7771541748838,-0.005521427128747813
T2,cvd,egfr,93.09466149331153,91.7771541748838,0.027894431914901485
T2,cvd,egfr,94.6959850327301,91.7771541748838,0.06668881713464048
T2,cvd,egfr,96.29730857214867,91.7771541748838,0.11065883007534483
T2,cvd,egfr,97.89863211156722,91.7771541748838,0.15960157228189376
T2,cvd,egfr,99.49995565098578,91.7771541748838,0.213297379160863
T2,cvd,egfr,101.10127919040434,91.7771541748838,0.27134925816764044
T2,cvd,egfr,102.7026027298229,91.7771541748838,0.3332536406544455
T2,cvd,egfr,104.30392626924146,91.7771541748838,0.39850550249162264
T2,cvd,egfr,105.90524980866002,91.7771541748838,0.46659981954951757
T2,cvd,egfr,107.50657334807859,91.7771541748838,0.5370315676984769
T2,cvd,egfr,109.10789688749715,91.7771541748838,0.6092957228088447
T2,cvd,egfr,110.7092204269157,91.7771541748838,0.6828872607509668
T2,cvd,egfr,112.31054396633427,91.7771541748838,0.7573011573951898
T2,cvd,egfr,113.91186750575282,91.7771541748838,0.8320367092194156
T2,cvd,egfr,115.51319104517138,91.7771541748838,0.9067931432633289
T2,cvd,egfr,117.11451458458995,91.7771541748838,0.9815495773072413
T2,cvd,egfr,118.71583812400851,91.7771541748838,1.0563060113511549
T2,other,egfr,40.25098469249903,91.7771541748838,0.4651695843922873
T2,other,egfr,41.85230823191759,91.7771541748838,0.44424623547639086
T2,other,egfr,43.453631771336156,91.7771541748838,0.4233228865604943
T2,other,egfr,45.054955310754714,91.7771541748838,0.4023995376445979
T2,other,egfr,46.65627885017327,91.7771541748838,0.3814761887287015
T2,other,egfr,48.25760238959184,91.7771541748838,0.36055283981280495
T2,other,egfr,49.8589259290104,91.7771541748838,0.3396294908969085
T2,other,egfr,51.460249468428955,91.7771541748838,0.3187061419810121
T2,other,egfr,53.061573007847514,91.7771541748838,0.2977827930651157
T2,other,egfr,54.66289654726608,91.7771541748838,0.27685944414921915
T2,other,egfr,56.26422008668464,91.7771541748838,0.2559360952333227
T2,other,egfr,57.865543626103204,91.7771541748838,0.23501280531225033
T2,other,egfr,59.46686716552176,91.7771541748838,0.21412101656569393
T2,other,egfr,61.06819070494032,91.7771541748838,0.19337510703226057
T2,other,egfr,62.66951424435888,91.7771541748838,0.1729029969621505
T2,other,egfr,64.27083778377744,91.7771541748838,0.15283260660556497
T2,other,egfr,65.872161323196,91.7771541748838,0.13329185621270445
T2,other,egfr,67.47348486261457,91.7771541748838,0.11440866603376965
T2,other,egfr,69.07480840203313,91.7771541748838,0.09631095631896136
T2,other,egfr,70.67613194145169,91.7771541748838,0.07912664731848029
T2,other,egfr,72.27745548087024,91.7771541748838,0.06298365928252703
T2,other,egfr,73.87877902028882,91.7771541748838,0.048009912461302484
T2,other,egfr,75.48010255970738,91.7771541748838,0.03433332710500725
T2,other,egfr,77.08142609912593,91.7771541748838,0.022081823463842132
T2,other,egfr,78.6827496385445,91.7771541748838,0.011383321788007938
T2,other,egfr,80.28407317796305,91.7771541748838,0.002365742327705256
T2,other,egfr,81.88539671738161,91.7771541748838,-0.004842994666865219
T2,other,egfr,83.48672025680017,91.7771541748838,-0.010114968945502678
T2,other,egfr,85.08804379621873,91.7771541748838,-0.01331736737449929
T2,other,egfr,86.68936733563729,91.7771541748838,-0.014270065851381242
T2,other,egfr,88.29069087505584,91.7771541748838,-0.012766421043221676
T2,other,egfr,89.89201441447442,91.7771541748838,-0.008599497101080766
T2,other,egfr,91.49333795389298,91.7771541748838,-0.0015623581760186855
T2,other,egfr,93.09466149331153,91.7771541748838,0.008551931580904282
T2,other,egfr,94.6959850327301,91.7771541748838,0.021950308018628295
T2,other,egfr,96.29730857214867,91.7771541748838,0.03883970698609285
T2,other,egfr,97.89863211156722,91.7771541748838,0.05942706433223799
T2,other,egfr,99.49995565098578,91.7771541748838,0.08388420693627585
T2,other,egfr,101.10127919040434,91.7771541748838,0.11201162979656787
T2,other,egfr,102.7026027298229,91.7771541748838,0.1433866532535708
T2,other,egfr,104.30392626924146,91.7771541748838,0.1775835498100029
T2,other,egfr,105.90524980866002,91.7771541748838,0.21417659196858319
T2,other,egfr,107.50657334807859,91.7771541748838,0.25274005223203044
T2,other,egfr,109.10789688749715,91.7771541748838,0.29284820310306314
T2,other,egfr,110.7092204269157,91.7771541748838,0.3340753170844001
T2,other,egfr,112.31054396633427,91.7771541748838,0.37599566667876017
T2,other,egfr,113.91186750575282,91.7771541748838,0.41818716659392663
T2,other,egfr,115.51319104517138,91.7771541748838,0.46039626989594673
T2,other,egfr,117.11451458458995,91.7771541748838,0.5026053731979667
T2,other,egfr,118.71583812400851,91.7771541748838,0.5448144764999867
T3,cvd,age,40.0,55.0,-1.4191694969089435
T3,cvd,age,40.795918367346935,55.0,-1.3438666256443876
T3,cvd,age,41.59183673469388,55.0,-1.268563754379831
T3,cvd,age,42.38775510204081,55.0,-1.1932608831152756
T3,cvd,age,43.183673469387756,55.0,-1.1179580118507184
T3,cvd,age,43.97959183673469,55.0,-1.042655140586163
T3,cvd,age,44.775510204081634,55.0,-0.9673522693216059
T3,cvd,age,45.57142857142857,55.0,-0.8920493980570505
T3,cvd,age,46.36734693877551,55.0,-0.8167465267924934
T3,cvd,age,47.16326530612245,55.0,-0.741443655527938
T3,cvd,age,47.95918367346939,55.0,-0.6661407842633817
T3,cvd,age,48.755102040816325,55.0,-0.5908379129988255
T3,cvd,age,49.55102040816327,55.0,-0.5155350417342692
T3,cvd,age,50.3469387755102,55.0,-0.44023217046971297
T3,cvd,age,51.14285714285714,55.0,-0.3649292992051576
T3,cvd,age,51.93877551020408,55.0,-0.28962642794060045
T3,cvd,age,52.734693877551024,55.0,-0.2143235566760442
T3,cvd,age,53.53061224489796,55.0,-0.13902068541148793
T3,cvd,age,54.326530612244895,55.0,-0.06371781414693256
T3,cvd,age,55.12244897959184,55.0,0.011585057117624586
T3,cvd,age,55.91836734693878,55.0,0.08688792838218085
T3,cvd,age,56.714285714285715,55.0,0.16219079964673622
T3,cvd,age,57.51020408163265,55.0,0.23749367091129248
T3,cvd,age,58.30612244897959,55.0,0.31279654217584874
T3,cvd,age,59.10204081632653,55.0,0.388099413440405
T3,cvd,age,59.897959183673464,55.0,0.46340228470496037
T3,cvd,age,60.69387755102041,55.0,0.5387051559695175
T3,cvd,age,61.48979591836735,55.0,0.6140080272340738
T3,cvd,age,62.285714285714285,55.0,0.68931089849863
T3,cvd,age,63.08163265306122,55.0,0.7646137697631854
T3,cvd,age,63.87755102040816,55.0,0.8399166410277425
T3,cvd,age,64.6734693877551,55.0,0.9152195122922988
T3,cvd,age,65.46938775510205,55.0,0.9905223835568551
T3,cvd,age,66.26530612244898,55.0,1.0658252548214104
T3,cvd,age,67.06122448979592,55.0,1.1411281260859667
T3,cvd,age,67.85714285714286,55.0,1.2164309973505238
T3,cvd,age,68.65306122448979,55.0,1.2917338686150783
T3,cvd,age,69.44897959183673,55.0,1.3670367398796355
T3,cvd,age,70.24489795918367,55.0,1.4423396111441917
T3,cvd,age,71.04081632653062,55.0,1.517642482408748
T3,cvd,age,71.83673469387756,55.0,1.5929453536733051
T3,cvd,age,72.63265306122449,55.0,1.6682482249378605
T3,cvd,age,73.42857142857143,55.0,1.7435510962024168
T3,cvd,age,74.22448979591837,55.0,1.818853967466973
T3,cvd,age,75.0204081632653,55.0,1.8941568387315284
T3,cvd,age,75.81632653061224,55.0,1.9694597099960847
T3,cvd,age,76.61224489795919,55.0,2.044762581260642
T3,cvd,age,77.40816326530611,55.0,2.1200654525251963
T3,cvd,age,78.20408163265306,55.0,2.1953683237897534
T3,cvd,age,79.0,55.0,2.2706711950543097
T3,other,age,40.0,55.0,-1.3063055767689642
T3,other,age,40.795918367346935,55.0,-1.236991403307754
T3,other,age,41.59183673469388,55.0,-1.1676772298465434
T3,other,age,42.38775510204081,55.0,-1.0983630563853333
T3,other,age,43.183673469387756,55.0,-1.0290488829241227
T3,other,age,43.97959183673469,55.0,-0.9597347094629125
T3,other,age,44.775510204081634,55.0,-0.8904205360017019
T3,other,age,45.57142857142857,55.0,-0.8211063625404917
T3,other,age,46.36734693877551,55.0,-0.7517921890792811
T3,other,age,47.16326530612245,55.0,-0.682478015618071
T3,other,age,47.95918367346939,55.0,-0.6131638421568608
T3,other,age,48.755102040816325,55.0,-0.5438496686956507
T3,other,age,49.55102040816327,55.0,-0.4745354952344396
T3,other,age,50.3469387755102,55.0,-0.40522132177322945
T3,other,age,51.14285714285714,55.0,-0.3359071483120202
T3,other,age,51.93877551020408,55.0,-0.26659297485080913
T3,other,age,52.734693877551024,55.0,-0.19727880138959808
T3,other,age,53.53061224489796,55.0,-0.1279646279283888
T3,other,age,54.326530612244895,55.0,-0.05865045446717865
T3,other,age,55.12244897959184,55.0,0.0106637189940324
T3,other,age,55.91836734693878,55.0,0.07997789245524256
T3,other,age,56.714285714285715,55.0,0.14929206591645272
T3,other,age,57.51020408163265,55.0,0.21860623937766288
T3,other,age,58.30612244897959,55.0,0.28792041283887393
T3,other,age,59.10204081632653,55.0,0.3572345863000841
T3,other,age,59.897959183673464,55.0,0.42654875976129425
T3,other,age,60.69387755102041,55.0,0.4958629332225044
T3,other,age,61.48979591836735,55.0,0.5651771066837155
T3,other,age,62.285714285714285,55.0,0.6344912801449256
T3,other,age,63.08163265306122,55.0,0.7038054536061349
T3,other,age,63.87755102040816,55.0,0.7731196270673459
T3,other,age,64.6734693877551,55.0,0.842433800528557
T3,other,age,65.46938775510205,55.0,0.9117479739897671
T3,other,age,66.26530612244898,55.0,0.9810621474509764
T3,other,age,67.06122448979592,55.0,1.0503763209121875
T3,other,age,67.85714285714286,55.0,1.1196904943733976
T3,other,age,68.65306122448979,55.0,1.1890046678346078
T3,other,age,69.44897959183673,55.0,1.258318841295818
T3,other,age,70.24489795918367,55.0,1.327633014757029
T3,other,age,71.04081632653062,55.0,1.3969471882182392
T3,other,age,71.83673469387756,55.0,1.4662613616794502
T3,other,age,72.63265306122449,55.0,1.5355755351406595
T3,other,age,73.42857142857143,55.0,1.6048897086018705
T3,other,age,74.22448979591837,55.0,1.6742038820630807
T3,other,age,75.0204081632653,55.0,1.74351805552429
T3,other,age,75.81632653061224,55.0,1.812832228985501
T3,other,age,76.61224489795919,55.0,1.8821464024467112
T3,other,age,77.40816326530611,55.0,1.9514605759079213
T3,other,age,78.20408163265306,55.0,2.0207747493691315
T3,other,age,79.0,55.0,2.0900889228303425
T3,cvd,sbp,93.33333333333331,125.33333333333331,0.20823564795294924
T3,cvd,sbp,95.26530612244896,125.33333333333331,0.1878897710039662
T3,cvd,sbp,97.19727891156461,125.33333333333331,0.16754389405498338
T3,cvd,sbp,99.12925170068026,125.33333333333331,0.14719801710600033
T3,cvd,sbp,101.0612244897959,125.33333333333331,0.1268521401570175
T3,cvd,sbp,102.99319727891155,125.33333333333331,0.10651655920031566
T3,cvd,sbp,104.9251700680272,125.33333333333331,0.08642342214768428
T3,cvd,sbp,106.85714285714283,125.33333333333331,0.06701872498581163
T3,cvd,sbp,108.7891156462585,125.33333333333331,0.04875715824719862
T3,cvd,sbp,110.72108843537413,125.33333333333331,0.03209341246434705
T3,cvd,sbp,112.65306122448979,125.33333333333331,0.017482178169757168
T3,cvd,sbp,114.58503401360542,125.33333333333331,0.005378145895931441
T3,cvd,sbp,116.51700680272107,125.33333333333331,-0.0037639938246301075
T3,cvd,sbp,118.44897959183672,125.33333333333331,-0.0094895504594259
T3,cvd,sbp,120.38095238095237,125.33333333333331,-0.011369077538815109
T3,cvd,sbp,122.31292517006801,125.33333333333331,-0.009452942732003367
T3,cvd,sbp,124.24489795918366,125.33333333333331,-0.0042212257920906104
T3,cvd,sbp,126.17687074829931,125.33333333333331,0.0038308080959632562
T3,cvd,sbp,128.10884353741494,125.33333333333331,0.014207893747199218
T3,cvd,sbp,130.0408163265306,125.33333333333331,0.026414765976657373
T3,cvd,sbp,131.97278911564626,125.33333333333331,0.03995615959937826
T3,cvd,sbp,133.9047619047619,125.33333333333331,0.05435681797291836
T3,cvd,sbp,135.83673469387753,125.33333333333331,0.0693973108701218
T3,cvd,sbp,137.7687074829932,125.33333333333331,0.08503500088088956
T3,cvd,sbp,139.70068027210883,125.33333333333331,0.10123077269612257
T3,cvd,sbp,141.6326530612245,125.33333333333331,0.11794551100672224
T3,cvd,sbp,143.56462585034012,125.33333333333331,0.1351401005035895
T3,cvd,sbp,145.49659863945578,125.33333333333331,0.15277542587762638
T3,cvd,sbp,147.42857142857142,125.33333333333331,0.17081237181973297
T3,cvd,sbp,149.36054421768705,125.33333333333331,0.18921182302081085
T3,cvd,sbp,151.2925170068027,125.33333333333331,0.20793466417176243
T3,cvd,sbp,153.22448979591837,125.33333333333331,0.22694177996348708
T3,cvd,sbp,155.156462585034,125.33333333333331,0.24619405508688785
T3,cvd,sbp,157.08843537414964,125.33333333333331,0.2656523742328647
T3,cvd,sbp,159.0204081632653,125.33333333333331,0.2852776220923193
T3,cvd,sbp,160.95238095238096,125.33333333333331,0.30503068335615313
T3,cvd,sbp,162.8843537414966,125.33333333333331,0.3248724427152674
T3,cvd,sbp,164.81632653061223,125.33333333333331,0.34476378486056247
T3,cvd,sbp,166.7482993197279,125.33333333333331,0.3646681556063214
T3,cvd,sbp,168.68027210884355,125.33333333333331,0.3845726512862613
T3,cvd,sbp,170.6122448979592,125.33333333333331,0.4044771469662012
T3,cvd,sbp,172.54421768707482,125.33333333333331,0.4243816426461404
T3,cvd,sbp,174.47619047619048,125.33333333333331,0.4442861383260803
T3,cvd,sbp,176.40816326530611,125.33333333333331,0.4641906340060191
T3,cvd,sbp,178.34013605442175,125.33333333333331,0.4840951296859588
T3,cvd,sbp,180.2721088435374,125.33333333333331,0.503999625365898
T3,cvd,sbp,182.20408163265307,125.33333333333331,0.5239041210458395
T3,cvd,sbp,184.1360544217687,125.33333333333331,0.5438086167257772
T3,cvd,sbp,186.06802721088434,125.33333333333331,0.5637131124057164
T3,cvd,sbp,188.0,125.33333333333331,0.5836176080856572
T3,other,sbp,93.33333333333331,125.33333333333331,0.18754408261061806
T3,other,sbp,95.26530612244896,125.33333333333331,0.16613273486883418
T3,other,sbp,97.19727891156461,125.33333333333331,0.1447213871270503
T3,other,sbp,99.12925170068026,125.33333333333331,0.12331003938526619
T3,other,sbp,101.0612244897959,125.33333333333331,0.10189869164348231
T3,other,sbp,102.99319727891155,125.33333333333331,0.08050087344874401
T3,other,sbp,104.9251700680272,125.33333333333331,0.05942164098294267
T3,other,sbp,106.85714285714283,125.33333333333331,0.0392470595343235
T3,other,sbp,108.7891156462585,125.33333333333331,0.020574619542141903
T3,other,sbp,110.72108843537413,125.33333333333331,0.004001811445653702
T3,other,sbp,112.65306122448979,125.33333333333331,-0.009873874315886821
T3,other,sbp,114.58503401360542,125.33333333333331,-0.020454947303223836
T3,other,sbp,116.51700680272107,125.33333333333331,-0.027143917077101953
T3,other,sbp,118.44897959183672,125.33333333333331,-0.02934329319826623
T3,other,sbp,120.38095238095237,125.33333333333331,-0.0264999315326071
T3,other,sbp,122.31292517006801,125.33333333333331,-0.018903578582605274
T3,other,sbp,124.24489795918366,125.33333333333331,-0.0075988570884772955
T3,other,sbp,126.17687074829931,125.33333333333331,0.006342933925369332
T3,other,sbp,128.10884353741494,125.33333333333331,0.021850495434526662
T3,other,sbp,130.0408163265306,125.33333333333331,0.037852528414587194
T3,other,sbp,131.97278911564626,125.33333333333331,0.05327773384114298
T3,other,sbp,133.9047619047619,125.33333333333331,0.06710707784141978
T3,other,sbp,135.83673469387753,125.33333333333331,0.07898978143308866
T3,other,sbp,137.7687074829932,125.33333333333331,0.08903687355330314
T3,other,sbp,139.70068027210883,125.33333333333331,0.09736858336670706
T3,other,sbp,141.6326530612245,125.33333333333331,0.10410514003794225
T3,other,sbp,143.56462585034012,125.33333333333331,0.10936677273165363
T3,other,sbp,145.49659863945578,125.33333333333331,0.1132737106124837
T3,other,sbp,147.42857142857142,125.33333333333331,0.11594618284507496
T3,other,sbp,149.36054421768705,125.33333333333331,0.11750441859407124
T3,other,sbp,151.2925170068027,125.33333333333331,0.11806864702411635
T3,other,sbp,153.22448979591837,125.33333333333331,0.11775909729985212
T3,other,sbp,155.156462585034,125.33333333333331,0.1166959985859235
T3,other,sbp,157.08843537414964,125.33333333333331,0.11499958004697275
T3,other,sbp,159.0204081632653,125.33333333333331,0.11279007084764303
T3,other,sbp,160.95238095238096,125.33333333333331,0.11018770015257728
T3,other,sbp,162.8843537414966,125.33333333333331,0.10731269712641955
T3,other,sbp,164.81632653061223,125.33333333333331,0.10428529093381189
T3,other,sbp,166.7482993197279,125.33333333333331,0.10121783858571609
T3,other,sbp,168.68027210884355,125.33333333333331,0.09815000222602577
T3,other,sbp,170.6122448979592,125.33333333333331,0.095082165866337
T3,other,sbp,172.54421768707482,125.33333333333331,0.09201432950664712
T3,other,sbp,174.47619047619048,125.33333333333331,0.08894649314695768
T3,other,sbp,176.40816326530611,125.33333333333331,0.0858786567872667
T3,other,sbp,178.34013605442175,125.33333333333331,0.08281082042757704
T3,other,sbp,180.2721088435374,125.33333333333331,0.07974298406788671
T3,other,sbp,182.20408163265307,125.33333333333331,0.0766751477081995
T3,other,sbp,184.1360544217687,125.33333333333331,0.07360731134850673
T3,other,sbp,186.06802721088434,125.33333333333331,0.07053947498881707
T3,other,sbp,188.0,125.33333333333331,0.06747163862912964
T3,cvd,bmi,18.36,28.19,0.6833132768868264
T3,cvd,bmi,18.965518367346938,28.19,0.6272149511252991
T3,cvd,bmi,19.571036734693877,28.19,0.5711166253637718
T3,cvd,bmi,20.176555102040815,28.19,0.5150182996022445
T3,cvd,bmi,20.782073469387754,28.19,0.4589200533104141
T3,cvd,bmi,21.387591836734693,28.19,0.40298168539377843
T3,cvd,bmi,21.99311020408163,28.19,0.34785748602596067
T3,cvd,bmi,22.598628571428574,28.19,0.29429715126899403
T3,cvd,bmi,23.204146938775512,28.19,0.24305037718491374
T3,cvd,bmi,23.80966530612245,28.19,0.1948668598357517
T3,cvd,bmi,24.41518367346939,28.19,0.15049629528354247
T3,cvd,bmi,25.020702040816328,28.19,0.1106883795903193
T3,cvd,bmi,25.626220408163267,28.19,0.0761928088181163
T3,cvd,bmi,26.231738775510205,28.19,0.04775927902896626
T3,cvd,bmi,26.837257142857148,28.19,0.025963757404706467
T3,cvd,bmi,27.442775510204086,28.19,0.010621455621574682
T3,cvd,bmi,28.048293877551025,28.19,0.0013394063189848815
T3,cvd,bmi,28.653812244897964,28.19,-0.0022753630873335595
T3,cvd,bmi,29.259330612244902,28.19,-0.0006158251816499316
T3,cvd,bmi,29.86484897959184,28.19,0.005925047451767362
T3,cvd,bmi,30.47036734693878,28.19,0.01695480086286505
T3,cvd,bmi,31.075885714285718,28.19,0.03212789520114079
T3,cvd,bmi,31.681404081632657,28.19,0.051182428237361854
T3,cvd,bmi,32.286922448979595,28.19,0.07386513989832455
T3,cvd,bmi,32.892440816326534,28.19,0.09992277011082606
T3,cvd,bmi,33.49795918367347,28.19,0.1291020588016618
T3,cvd,bmi,34.10347755102041,28.19,0.16114974589762987
T3,cvd,bmi,34.70899591836735,28.19,0.19581257132552476
T3,cvd,bmi,35.314514285714296,28.19,0.23283727501214457
T3,cvd,bmi,35.92003265306123,28.19,0.2719705968842847
T3,cvd,bmi,36.52555102040817,28.19,0.3129592768687428
T3,cvd,bmi,37.131069387755105,28.19,0.3555500548923134
T3,cvd,bmi,37.73658775510205,28.19,0.399489670881795
T3,cvd,bmi,38.34210612244898,28.19,0.4445248647639821
T3,cvd,bmi,38.94762448979593,28.19,0.4904023764656742
T3,cvd,bmi,39.55314285714286,28.19,0.5368689459136637
T3,cvd,bmi,40.158661224489805,28.19,0.5836713130347508
T3,cvd,bmi,40.76417959183674,28.19,0.6305691474237787
T3,cvd,bmi,41.36969795918368,28.19,0.6774684428820594
T3,cvd,bmi,41.97521632653062,28.19,0.7243677383403391
T3,cvd,bmi,42.58073469387756,28.19,0.7712670337986207
T3,cvd,bmi,43.1862530612245,28.19,0.8181663292569001
T3,cvd,bmi,43.79177142857144,28.19,0.86506562471518
T3,cvd,bmi,44.397289795918375,28.19,0.9119649201734621
T3,cvd,bmi,45.002808163265314,28.19,0.9588642156317428
T3,cvd,bmi,45.60832653061225,28.19,1.0057635110900223
T3,cvd,bmi,46.21384489795919,28.19,1.0526628065483035
T3,cvd,bmi,46.81936326530613,28.19,1.0995621020065842
T3,cvd,bmi,47.42488163265307,28.19,1.1464613974648632
T3,cvd,bmi,48.03040000000001,28.19,1.1933606929231422
T3,other,bmi,18.36,28.19,0.7274271930740677
T3,other,bmi,18.965518367346938,28.19,0.6663385232706645
T3,other,bmi,19.571036734693877,28.19,0.6052498534672612
T3,other,bmi,20.176555102040815,28.19,0.5441611836638578
T3,other,bmi,20.782073469387754,28.19,0.4830726070939826
T3,other,bmi,21.387591836734693,28.19,0.4221715991893036
T3,other,bmi,21.99311020408163,28.19,0.36222577054361116
T3,other,bmi,22.598628571428574,28.19,0.30411466155432976
T3,other,bmi,23.204146938775512,28.19,0.24871781261888604
T3,other,bmi,23.80966530612245,28.19,0.196914764134704
T3,other,bmi,24.41518367346939,28.19,0.1495850564992094
T3,other,bmi,25.020702040816328,28.19,0.10760823010982712
T3,other,bmi,25.626220408163267,28.19,0.07186382536398206
T3,other,bmi,26.231738775510205,28.19,0.04323138265909998
T3,other,bmi,26.837257142857148,28.19,0.022317742184485567
T3,other,bmi,27.442775510204086,28.19,0.008535595036502475
T3,other,bmi,28.048293877551025,28.19,0.0009708560921315446
T3,other,bmi,28.653812244897964,28.19,-0.001290567971200307
T3,other,bmi,29.259330612244902,28.19,0.0008372295239342797
T3,other,bmi,29.86484897959184,28.19,0.006440155254961333
T3,other,bmi,30.47036734693878,28.19,0.014607083531370968
T3,other,bmi,31.075885714285718,28.19,0.024695331780474117
T3,other,bmi,31.681404081632657,28.19,0.036540793039799624
T3,other,bmi,32.286922448979595,28.19,0.050028810881606045
T3,other,bmi,32.892440816326534,28.19,0.06504472887815327
T3,other,bmi,33.49795918367347,28.19,0.08147389060169807
T3,other,bmi,34.10347755102041,28.19,0.09920163962450035
T3,other,bmi,34.70899591836735,28.19,0.11811331951881865
T3,other,bmi,35.314514285714296,28.19,0.13809427385691153
T3,other,bmi,35.92003265306123,28.19,0.15902984621103844
T3,other,bmi,36.52555102040817,28.19,0.18080538015345793
T3,other,bmi,37.131069387755105,28.19,0.20330621925642767
T3,other,bmi,37.73658775510205,28.19,0.2264177070922071
T3,other,bmi,38.34210612244898,28.19,0.2500251872330548
T3,other,bmi,38.94762448979593,28.19,0.2740140032512315
T3,other,bmi,39.55314285714286,28.19,0.2982694987189918
T3,other,bmi,40.158661224489805,28.19,0.32267701720859776
T3,other,bmi,40.76417959183674,28.19,0.3471277558385526
T3,other,bmi,41.36969795918368,28.19,0.3715791559268209
T3,other,bmi,41.97521632653062,28.19,0.3960305560150892
T3,other,bmi,42.58073469387756,28.19,0.4204819561033588
T3,other,bmi,43.1862530612245,28.19,0.44493335619162666
T3,other,bmi,43.79177142857144,28.19,0.46938475627989407
T3,other,bmi,44.397289795918375,28.19,0.493836156368165
T3,other,bmi,45.002808163265314,28.19,0.5182875564564333
T3,other,bmi,45.60832653061225,28.19,0.5427389565447016
T3,other,bmi,46.21384489795919,28.19,0.5671903566329708
T3,other,bmi,46.81936326530613,28.19,0.5916417567212409
T3,other,bmi,47.42488163265307,28.19,0.6160931568095074
T3,other,bmi,48.03040000000001,28.19,0.6405445568977748
T3,cvd,total_chol,124.0,205.0,-0.14247836906210204
T3,cvd,total_chol,127.9795918367347,205.0,-0.13259178532247257
T3,cvd,total_chol,131.9591836734694,205.0,-0.12270520158284304
T3,cvd,total_chol,135.9387755102041,205.0,-0.11281861784321356
T3,cvd,total_chol,139.91836734693877,205.0,-0.10293203410358415
T3,cvd,total_chol,143.89795918367346,205.0,-0.09304545036395462
T3,cvd,total_chol,147.87755102040816,205.0,-0.08315886662432515
T3,cvd,total_chol,151.85714285714286,205.0,-0.07329193676607582
T3,cvd,total_chol,155.83673469387756,205.0,-0.06355053686215228
T3,cvd,total_chol,159.81632653061223,205.0,-0.054064180667221406
T3,cvd,total_chol,163.79591836734693,205.0,-0.04496238256475571
T3,cvd,total_chol,167.77551020408163,205.0,-0.03637465693822817
T3,cvd,total_chol,171.75510204081633,205.0,-0.02843051817111153
T3,cvd,total_chol,175.73469387755102,205.0,-0.021259480646878604
T3,cvd,total_chol,179.71428571428572,205.0,-0.01499105874900214
T3,cvd,total_chol,183.69387755102042,205.0,-0.009754766860954833
T3,cvd,total_chol,187.67346938775512,205.0,-0.005680119366209657
T3,cvd,total_chol,191.65306122448982,205.0,-0.0028903727338358554
T3,cvd,total_chol,195.6326530612245,205.0,-0.0012862429292145316
T3,cvd,total_chol,199.6122448979592,205.0,-0.0004908126852083972
T3,cvd,total_chol,203.59183673469389,205.0,-0.00010971900592249284
T3,cvd,total_chol,207.57142857142856,205.0,0.0002514011045382514
T3,cvd,total_chol,211.55102040816325,205.0,0.0009869106420686835
T3,cvd,total_chol,215.53061224489795,205.0,0.002491172602563818
T3,cvd,total_chol,219.51020408163265,205.0,0.005158549981918781
T3,cvd,total_chol,223.48979591836735,205.0,0.009326697821805341
T3,cvd,total_chol,227.46938775510205,205.0,0.015004072108886712
T3,cvd,total_chol,231.44897959183675,205.0,0.022080635040440055
T3,cvd,total_chol,235.42857142857144,205.0,0.030446192034206843
T3,cvd,total_chol,239.40816326530614,205.0,0.039990548507928825
T3,cvd,total_chol,243.38775510204084,205.0,0.050603509879347086
T3,cvd,total_chol,247.3673469387755,205.0,0.062174881566203266
T3,cvd,total_chol,251.3469387755102,205.0,0.07459446898623928
T3,cvd,total_chol,255.3265306122449,205.0,0.0877520775571961
T3,cvd,total_chol,259.30612244897964,205.0,0.1015375126968156
T3,cvd,total_chol,263.28571428571433,205.0,0.11584057982283907
T3,cvd,total_chol,267.265306122449,205.0,0.13055108435300783
T3,cvd,total_chol,271.2448979591837,205.0,0.14555883170506384
T3,cvd,total_chol,275.2244897959184,205.0,0.1607536272967482
T3,cvd,total_chol,279.2040816326531,205.0,0.17602578524516538
T3,cvd,total_chol,283.18367346938777,205.0,0.19130417367899405
T3,cvd,total_chol,287.16326530612247,205.0,0.20658256211282272
T3,cvd,total_chol,291.1428571428571,205.0,0.2218609505466514
T3,cvd,total_chol,295.1224489795918,205.0,0.23713933898048017
T3,cvd,total_chol,299.1020408163265,205.0,0.2524177274143092
T3,cvd,total_chol,303.0816326530612,205.0,0.2676961158481375
T3,cvd,total_chol,307.0612244897959,205.0,0.2829745042819672
T3,cvd,total_chol,311.0408163265306,205.0,0.2982528927157954
T3,cvd,total_chol,315.0204081632653,205.0,0.313531281149624
T3,cvd,total_chol,319.0,205.0,0.32880966958345287
T3,other,total_chol,124.0,205.0,0.3058632741701568
T3,other,total_chol,127.9795918367347,205.0,0.28581219577658445
T3,other,total_chol,131.9591836734694,205.0,0.2657611173830122
T3,other,total_chol,135.9387755102041,205.0,0.24571003898944
T3,other,total_chol,139.91836734693877,205.0,0.22565896059586787
T3,other,total_chol,143.89795918367346,205.0,0.20560788220229553
T3,other,total_chol,147.87755102040816,205.0,0.1855568038087233
T3,other,total_chol,151.85714285714286,205.0,0.1655386280020259
T3,other,total_chol,155.83673469387756,205.0,0.14573060204551347
T3,other,total_chol,159.81632653061223,205.0,0.12634954507439822
T3,other,total_chol,163.79591836734693,205.0,0.10761227727657674
T3,other,total_chol,167.77551020408163,205.0,0.08973561883994619
T3,other,total_chol,171.75510204081633,205.0,0.07293638995240348
T3,other,total_chol,175.73469387755102,205.0,0.05743141080184555
T3,other,total_chol,179.71428571428572,205.0,0.0434375015761691
T3,other,total_chol,183.69387755102042,205.0,0.031171482463271394
T3,other,total_chol,187.67346938775512,205.0,0.020850173651049353
T3,other,total_chol,191.65306122448982,205.0,0.01268513491731793
T3,other,total_chol,195.6326530612245,205.0,0.006700858235239582
T3,other,total_chol,199.6122448979592,205.0,0.0026884567617814215
T3,other,total_chol,203.59183673469389,205.0,0.00042437875415002324
T3,other,total_chol,207.57142857142856,205.0,-0.00031492753044726207
T3,other,total_chol,211.55102040816325,205.0,0.0002469861651959171
T3,other,total_chol,215.53061224489795,205.0,0.0018865680982864674
T3,other,total_chol,219.51020408163265,205.0,0.004380266526031185
T3,other,total_chol,223.48979591836735,205.0,0.007525004530461676
T3,other,total_chol,227.46938775510205,205.0,0.011236564938702176
T3,other,total_chol,231.44897959183675,205.0,0.01547351363386551
T3,other,total_chol,235.42857142857144,205.0,0.0201944731054714
T3,other,total_chol,239.40816326530614,205.0,0.02535806584303857
T3,other,total_chol,243.38775510204084,205.0,0.030922914336086738
T3,other,total_chol,247.3673469387755,205.0,0.03684764107413563
T3,other,total_chol,251.3469387755102,205.0,0.0430908685467043
T3,other,total_chol,255.3265306122449,205.0,0.04961121924331202
T3,other,total_chol,259.30612244897964,205.0,0.056367315653478856
T3,other,total_chol,263.28571428571433,205.0,0.0633177802667233
T3,other,total_chol,267.265306122449,205.0,0.07042123557256541
T3,other,total_chol,271.2448979591837,205.0,0.07763630406052424
T3,other,total_chol,275.2244897959184,205.0,0.0849216082201194
T3,other,total_chol,279.2040816326531,205.0,0.0922359615549182
T3,other,total_chol,283.18367346938777,205.0,0.0995526544055998
T3,other,total_chol,287.16326530612247,205.0,0.10686934725628205
T3,other,total_chol,291.1428571428571,205.0,0.11418604010696387
T3,other,total_chol,295.1224489795918,205.0,0.12150273295764547
T3,other,total_chol,299.1020408163265,205.0,0.12881942580832706
T3,other,total_chol,303.0816326530612,205.0,0.13613611865900976
T3,other,total_chol,307.0612244897959,205.0,0.14345281150969047
T3,other,total_chol,311.0408163265306,205.0,0.15076950436037306
T3,other,total_chol,315.0204081632653,205.0,0.1580861972110552
T3,other,total_chol,319.0,205.0,0.1654028900617367
T3,cvd,hdl,26.0,51.0,0.5622277975125444
T3,cvd,hdl,27.591836734693878,51.0,0.526490295468163
T3,cvd,hdl,29.183673469387756,51.0,0.49075279342378153
T3,cvd,hdl,30.775510204081634,51.0,0.4550152913794001
T3,cvd,hdl,32.36734693877551,51.0,0.41927773559618675
T3,cvd,hdl,33.95918367346939,51.0,0.38353213491080573
T3,cvd,hdl,35.55102040816327,51.0,0.3477542431584355
T3,cvd,hdl,37.14285714285714,51.0,0.3119178238471476
T3,cvd,hdl,38.734693877551024,51.0,0.27599664048501293
T3,cvd,hdl,40.326530612244895,51.0,0.23996445658010368
T3,cvd,hdl,41.91836734693878,51.0,0.20379503564049017
T3,cvd,hdl,43.51020408163265,51.0,0.16746214117424474
T3,cvd,hdl,45.10204081632653,51.0,0.1309395685143182
T3,cvd,hdl,46.69387755102041,51.0,0.0943465621166304
T3,cvd,hdl,48.285714285714285,51.0,0.05828276504146923
T3,cvd,hdl,49.87755102040816,51.0,0.023446863704684073
T3,cvd,hdl,51.46938775510204,51.0,-0.009462455477873277
T3,cvd,hdl,53.06122448979592,51.0,-0.03974650609035302
T3,cvd,hdl,54.6530612244898,51.0,-0.06670660171690446
T3,cvd,hdl,56.244897959183675,51.0,-0.08964405594167735
T3,cvd,hdl,57.83673469387755,51.0,-0.10788430523441317
T3,cvd,hdl,59.42857142857143,51.0,-0.12124611326804358
T3,cvd,hdl,61.02040816326531,51.0,-0.13000964600986875
T3,cvd,hdl,62.61224489795919,51.0,-0.13447279837082005
T3,cvd,hdl,64.20408163265306,51.0,-0.13493346526182814
T3,cvd,hdl,65.79591836734693,51.0,-0.1316895415938235
T3,cvd,hdl,67.38775510204081,51.0,-0.12503892227773794
T3,cvd,hdl,68.9795918367347,51.0,-0.11527950222450167
T3,cvd,hdl,70.57142857142857,51.0,-0.10270917634504584
T3,cvd,hdl,72.16326530612244,51.0,-0.08762583955030068
T3,cvd,hdl,73.75510204081633,51.0,-0.07032738675119865
T3,cvd,hdl,75.34693877551021,51.0,-0.05111171285866867
T3,cvd,hdl,76.93877551020408,51.0,-0.03027671278364319
T3,cvd,hdl,78.53061224489795,51.0,-0.008120281437052013
T3,cvd,hdl,80.12244897959184,51.0,0.015059686270173067
T3,cvd,hdl,81.71428571428572,51.0,0.03896529542710181
T3,cvd,hdl,83.3061224489796,51.0,0.06329865112280308
T3,cvd,hdl,84.89795918367346,51.0,0.0877707706695563
T3,cvd,hdl,86.48979591836735,51.0,0.11224700232681184
T3,cvd,hdl,88.08163265306123,51.0,0.1367232339840676
T3,cvd,hdl,89.6734693877551,51.0,0.16119946564132315
T3,cvd,hdl,91.26530612244898,51.0,0.1856756972985789
T3,cvd,hdl,92.85714285714286,51.0,0.210151928955834
T3,cvd,hdl,94.44897959183673,51.0,0.23462816061308955
T3,cvd,hdl,96.04081632653062,51.0,0.2591043922703453
T3,cvd,hdl,97.63265306122449,51.0,0.2835806239276011
T3,cvd,hdl,99.22448979591837,51.0,0.3080568555848562
T3,cvd,hdl,100.81632653061224,51.0,0.3325330872421115
T3,cvd,hdl,102.40816326530611,51.0,0.35700931889936705
T3,cvd,hdl,104.0,51.0,0.38148555055662303
T3,other,hdl,26.0,51.0,0.5763171890509837
T3,other,hdl,27.591836734693878,51.0,0.5303336992849256
T3,other,hdl,29.183673469387756,51.0,0.4843502095188674
T3,other,hdl,30.775510204081634,51.0,0.4383667197528093
T3,other,hdl,32.36734693877551,51.0,0.39238433307532594
T3,other,hdl,33.95918367346939,51.0,0.3465670828430033
T3,other,hdl,35.55102040816327,51.0,0.301412666278738
T3,other,hdl,37.14285714285714,51.0,0.25745963573782693
T3,other,hdl,38.734693877551024,51.0,0.21524654357556616
T3,other,hdl,40.326530612244895,51.0,0.17531194214725265
T3,other,hdl,41.91836734693878,51.0,0.13819438380818272
T3,other,hdl,43.51020408163265,51.0,0.10443242091365357
T3,other,hdl,45.10204081632653,51.0,0.07456457251164461
T3,other,hdl,46.69387755102041,51.0,0.04897713335347187
T3,other,hdl,48.285714285714285,51.0,0.027553622111946563
T3,other,hdl,49.87755102040816,51.0,0.010073900560255256
T3,other,hdl,51.46938775510204,51.0,-0.0036821695284134925
T3,other,hdl,53.06122448979592,51.0,-0.013934726380874007
T3,other,hdl,54.6530612244898,51.0,-0.02090390822393795
T3,other,hdl,56.244897959183675,51.0,-0.024809853284418537
T3,other,hdl,57.83673469387755,51.0,-0.025871279536635594
T3,other,hdl,59.42857142857143,51.0,-0.02427785995582843
T3,other,hdl,61.02040816326531,51.0,-0.02019210212045719
T3,other,hdl,62.61224489795919,51.0,-0.013775469804488738
T3,other,hdl,64.20408163265306,51.0,-0.005189426781889495
T3,other,hdl,65.79591836734693,51.0,0.005404563173373678
T3,other,hdl,67.38775510204081,51.0,0.01784503628733347
T3,other,hdl,68.9795918367347,51.0,0.03197052878602391
T3,other,hdl,70.57142857142857,51.0,0.04761957689547791
T3,other,hdl,72.16326530612244,51.0,0.06463071684172839
T3,other,hdl,73.75510204081633,51.0,0.0828424848508087
T3,other,hdl,75.34693877551021,51.0,0.10209341714875197
T3,other,hdl,76.93877551020408,51.0,0.12222204996159203
T3,other,hdl,78.53061224489795,51.0,0.14306691951536132
T3,other,hdl,80.12244897959184,51.0,0.16446656203609344
T3,other,hdl,81.71428571428572,51.0,0.18625951374982153
T3,other,hdl,83.3061224489796,51.0,0.2082843108825796
T3,other,hdl,84.89795918367346,51.0,0.2303843202269551
T3,other,hdl,86.48979591836735,51.0,0.2524865584005471
T3,other,hdl,88.08163265306123,51.0,0.27458879657413826
T3,other,hdl,89.6734693877551,51.0,0.2966910347477305
T3,other,hdl,91.26530612244898,51.0,0.31879327292132054
T3,other,hdl,92.85714285714286,51.0,0.3408955110949137
T3,other,hdl,94.44897959183673,51.0,0.3629977492685037
T3,other,hdl,96.04081632653062,51.0,0.38509998744209706
T3,other,hdl,97.63265306122449,51.0,0.4072022256156871
T3,other,hdl,99.22448979591837,51.0,0.42930446378927933
T3,other,hdl,100.81632653061224,51.0,0.45140670196287047
T3,other,hdl,102.40816326530611,51.0,0.4735089401364623
T3,other,hdl,104.0,51.0,0.4956111783100543
T3,cvd,hba1c,4.6,5.5,0.15690269353651387
T3,cvd,hba1c,4.7326530612244895,5.5,0.13334162278172657
T3,cvd,hba1c,4.865306122448979,5.5,0.10978055202693926
T3,cvd,hba1c,4.997959183673469,5.5,0.08623215677843432
T3,cvd,hba1c,5.130612244897959,5.5,0.06282378821184864
T3,cvd,hba1c,5.263265306122449,5.5,0.03974374015236404
T3,cvd,hba1c,5.395918367346939,5.5,0.01718086952884368
T3,cvd,hba1c,5.5285714285714285,5.5,-0.0045962843739466575
T3,cvd,hba1c,5.661224489795918,5.5,-0.024969613286770054
T3,cvd,hba1c,5.793877551020408,5.5,-0.04327603043836614
T3,cvd,hba1c,5.926530612244898,5.5,-0.05936357372101475
T3,cvd,hba1c,6.059183673469388,5.5,-0.07337561752577337
T3,cvd,hba1c,6.191836734693878,5.5,-0.08545911987667565
T3,cvd,hba1c,6.3244897959183675,5.5,-0.095761038797755
T3,cvd,hba1c,6.457142857142857,5.5,-0.10442833231304527
T3,cvd,hba1c,6.589795918367347,5.5,-0.11160795844658011
T3,cvd,hba1c,6.722448979591837,5.5,-0.11744687522239317
T3,cvd,hba1c,6.855102040816327,5.5,-0.1220920406645174
T3,cvd,hba1c,6.987755102040817,5.5,-0.12569041279698712
T3,cvd,hba1c,7.1204081632653065,5.5,-0.12838894964383551
T3,cvd,hba1c,7.253061224489796,5.5,-0.13033460922909668
T3,cvd,hba1c,7.385714285714286,5.5,-0.1316743495768038
T3,cvd,hba1c,7.518367346938776,5.5,-0.1325551287109905
T3,cvd,hba1c,7.651020408163266,5.5,-0.13312390465569024
T3,cvd,hba1c,7.783673469387755,5.5,-0.13352763543493706
T3,cvd,hba1c,7.916326530612245,5.5,-0.13389676224840108
T3,cvd,hba1c,8.048979591836734,5.5,-0.13426584339807612
T3,cvd,hba1c,8.181632653061225,5.5,-0.13463492454775094
T3,cvd,hba1c,8.314285714285713,5.5,-0.135004005697426
T3,cvd,hba1c,8.446938775510205,5.5,-0.1353730868471008
T3,cvd,hba1c,8.579591836734693,5.5,-0.13574216799677608
T3,cvd,hba1c,8.712244897959184,5.5,-0.1361112491464509
T3,cvd,hba1c,8.844897959183672,5.5,-0.13648033029612616
T3,cvd,hba1c,8.977551020408164,5.5,-0.13684941144580054
T3,cvd,hba1c,9.110204081632652,5.5,-0.13721849259547625
T3,cvd,hba1c,9.242857142857144,5.5,-0.13758757374515085
T3,cvd,hba1c,9.375510204081632,5.5,-0.13795665489482567
T3,cvd,hba1c,9.508163265306123,5.5,-0.1383257360445005
T3,cvd,hba1c,9.640816326530611,5.5,-0.1386948171941753
T3,cvd,hba1c,9.773469387755103,5.5,-0.13906389834385013
T3,cvd,hba1c,9.906122448979591,5.5,-0.13943297949352473
T3,cvd,hba1c,10.038775510204083,5.5,-0.13980206064320022
T3,cvd,hba1c,10.17142857142857,5.5,-0.14017114179287526
T3,cvd,hba1c,10.304081632653062,5.5,-0.14054022294254898
T3,cvd,hba1c,10.43673469387755,5.5,-0.1409093040922249
T3,cvd,hba1c,10.569387755102042,5.5,-0.1412783852418995
T3,cvd,hba1c,10.70204081632653,5.5,-0.14164746639157433
T3,cvd,hba1c,10.834693877551022,5.5,-0.14201654754124937
T3,cvd,hba1c,10.96734693877551,5.5,-0.14238562869092553
T3,cvd,hba1c,11.1,5.5,-0.14275470984060012
T3,other,hba1c,4.6,5.5,0.3924001401727284
T3,other,hba1c,4.7326530612244895,5.5,0.33272505733055757
T3,other,hba1c,4.865306122448979,5.5,0.2730499744883863
T3,other,hba1c,4.997959183673469,5.5,0.21342860184405588
T3,other,hba1c,5.130612244897959,5.5,0.1544005672977291
T3,other,hba1c,5.263265306122449,5.5,0.09676373236099778
T3,other,hba1c,5.395918367346939,5.5,0.041318344596903867
T3,other,hba1c,5.5285714285714285,5.5,-0.010857683051495481
T3,other,hba1c,5.661224489795918,5.5,-0.057468310945266055
T3,other,hba1c,5.793877551020408,5.5,-0.09607236067703617
T3,other,hba1c,5.926530612244898,5.5,-0.12612629015962407
T3,other,hba1c,6.059183673469388,5.5,-0.14818304341786437
T3,other,hba1c,6.191836734693878,5.5,-0.1628088693129599
T3,other,hba1c,6.3244897959183675,5.5,-0.17057001670611083
T3,other,hba1c,6.457142857142857,5.5,-0.17203273445851863
T3,other,hba1c,6.589795918367347,5.5,-0.16776327143138348
T3,other,hba1c,6.722448979591837,5.5,-0.15832787648590685
T3,other,hba1c,6.855102040816327,5.5,-0.14429279848329024
T3,other,hba1c,6.987755102040817,5.5,-0.12622428628473426
T3,other,hba1c,7.1204081632653065,5.5,-0.10468858875143905
T3,other,hba1c,7.253061224489796,5.5,-0.08025195474460656
T3,other,hba1c,7.385714285714286,5.5,-0.053480633125437826
T3,other,hba1c,7.518367346938776,5.5,-0.024940872755133903
T3,other,hba1c,7.651020408163266,5.5,0.004801077505104168
T3,other,hba1c,7.783673469387755,5.5,0.03517896879407578
T3,other,hba1c,7.916326530612245,5.5,0.06569019377711793
T3,other,hba1c,8.048979591836734,5.5,0.09620159470882728
T3,other,hba1c,8.181632653061225,5.5,0.1267129956405375
T3,other,hba1c,8.314285714285713,5.5,0.1572243965722464
T3,other,hba1c,8.446938775510205,5.5,0.18773579750395708
T3,other,hba1c,8.579591836734693,5.5,0.21824719843566598
T3,other,hba1c,8.712244897959184,5.5,0.24875859936737577
T3,other,hba1c,8.844897959183672,5.5,0.2792700002990838
T3,other,hba1c,8.977551020408164,5.5,0.30978140123079534
T3,other,hba1c,9.110204081632652,5.5,0.340292802162502
T3,other,hba1c,9.242857142857144,5.5,0.3708042030942136
T3,other,hba1c,9.375510204081632,5.5,0.4013156040259229
T3,other,hba1c,9.508163265306123,5.5,0.4318270049576327
T3,other,hba1c,9.640816326530611,5.5,0.46233840588934294
T3,other,hba1c,9.773469387755103,5.5,0.4928498068210523
T3,other,hba1c,9.906122448979591,5.5,0.5233612077527627
T3,other,hba1c,10.038775510204083,5.5,0.553872608684471
T3,other,hba1c,10.17142857142857,5.5,0.584384009616181
T3,other,hba1c,10.304081632653062,5.5,0.6148954105478945
T3,other,hba1c,10.43673469387755,5.5,0.6454068114796003
T3,other,hba1c,10.569387755102042,5.5,0.6759182124113106
T3,other,hba1c,10.70204081632653,5.5,0.7064296133430217
T3,other,hba1c,10.834693877551022,5.5,0.7369410142747304
T3,other,hba1c,10.96734693877551,5.5,0.7674524152064353
T3,other,hba1c,11.1,5.5,0.7979638161381459
T3,cvd,egfr,40.25098469249903,91.7771541748838,0.9202810091002731
T3,cvd,egfr,41.85230823191759,91.7771541748838,0.8758265410592612
T3,cvd,egfr,43.453631771336156,91.7771541748838,0.8313720730182492
T3,cvd,egfr,45.054955310754714,91.7771541748838,0.7869176049772373
T3,cvd,egfr,46.65627885017327,91.7771541748838,0.7424631369362253
T3,cvd,egfr,48.25760238959184,91.7771541748838,0.6980086688952132
T3,cvd,egfr,49.8589259290104,91.7771541748838,0.6535542008542012
T3,cvd,egfr,51.460249468428955,91.7771541748838,0.6090997328131893
T3,cvd,egfr,53.061573007847514,91.7771541748838,0.5646452647721776
T3,cvd,egfr,54.66289654726608,91.7771541748838,0.5201907967311654
T3,cvd,egfr,56.26422008668464,91.7771541748838,0.4757363286901535
T3,cvd,egfr,57.865543626103204,91.7771541748838,0.4312820089969389
T3,cvd,egfr,59.46686716552176,91.7771541748838,0.3869069018436131
T3,cvd,egfr,61.06819070494032,91.7771541748838,0.3428986211075875
T3,cvd,egfr,62.66951424435888,91.7771541748838,0.29957883377675354
T3,cvd,egfr,64.27083778377744,91.7771541748838,0.25726920683900256
T3,cvd,egfr,65.872161323196,91.7771541748838,0.2162914072822264
T3,cvd,egfr,67.47348486261457,91.7771541748838,0.17696710209431643
T3,cvd,egfr,69.07480840203313,91.7771541748838,0.13961795826316514
T3,cvd,egfr,70.67613194145169,91.7771541748838,0.10456564277666414
T3,cvd,egfr,72.27745548087024,91.7771541748838,0.07213182262270412
T3,cvd,egfr,73.87877902028882,91.7771541748838,0.04263816478917737
T3,cvd,egfr,75.48010255970738,91.7771541748838,0.016406336263975252
T3,cvd,egfr,77.08142609912593,91.7771541748838,-0.006241995965009739
T3,cvd,egfr,78.6827496385445,91.7771541748838,-0.024985164909887114
T3,cvd,egfr,80.28407317796305,91.7771541748838,-0.03950150358276394
T3,cvd,egfr,81.88539671738161,91.7771541748838,-0.04946934499574995
T3,cvd,egfr,83.48672025680017,91.7771541748838,-0.05456702216095222
T3,cvd,egfr,85.08804379621873,91.7771541748838,-0.054502064164474895
T3,cvd,egfr,86.68936733563729,91.7771541748838,-0.049264306945393965
T3,cvd,egfr,88.29069087505584,91.7771541748838,-0.03900182798143215
T3,cvd,egfr,89.89201441447442,91.7771541748838,-0.023864450207597976
T3,cvd,egfr,91.49333795389298,91.7771541748838,-0.004001996558898657
T3,cvd,egfr,93.09466149331153,91.7771541748838,0.020435710029655496
T3,cvd,egfr,94.6959850327301,91.7771541748838,0.049298846623059056
T3,cvd,egfr,96.29730857214867,91.7771541748838,0.08243759028630193
T3,cvd,egfr,97.89863211156722,91.7771541748838,0.11970211808437647
T3,cvd,egfr,99.49995565098578,91.7771541748838,0.1609275247875943
T3,cvd,egfr,101.10127919040434,91.7771541748838,0.20578938647646616
T3,cvd,egfr,102.7026027298229,91.7771541748838,0.2538674066957445
T3,cvd,egfr,104.30392626924146,91.7771541748838,0.3047399796841177
T3,cvd,egfr,105.90524980866002,91.7771541748838,0.35798549968027493
T3,cvd,egfr,107.50657334807859,91.7771541748838,0.41318236092290617
T3,cvd,egfr,109.10789688749715,91.7771541748838,0.4699089576506994
T3,cvd,egfr,110.7092204269157,91.7771541748838,0.5277436841023453
T3,cvd,egfr,112.31054396633427,91.7771541748838,0.5862649345165327
T3,cvd,egfr,113.91186750575282,91.7771541748838,0.6450547100745339
T3,cvd,egfr,115.51319104517138,91.7771541748838,0.7038619185899164
T3,cvd,egfr,117.11451458458995,91.7771541748838,0.7626691271052985
T3,cvd,egfr,118.71583812400851,91.7771541748838,0.821476335620682
T3,other,egfr,40.25098469249903,91.7771541748838,0.3782548501963115
T3,other,egfr,41.85230823191759,91.7771541748838,0.36221636697011295
T3,other,egfr,43.453631771336156,91.7771541748838,0.3461778837439144
T3,other,egfr,45.054955310754714,91.7771541748838,0.3301394005177159
T3,other,egfr,46.65627885017327,91.7771541748838,0.3141009172915174
T3,other,egfr,48.25760238959184,91.7771541748838,0.2980624340653188
T3,other,egfr,49.8589259290104,91.7771541748838,0.2820239508391203
T3,other,egfr,51.460249468428955,91.7771541748838,0.26598546761292186
T3,other,egfr,53.061573007847514,91.7771541748838,0.24994698438672336
T3,other,egfr,54.66289654726608,91.7771541748838,0.23390850116052475
T3,other,egfr,56.26422008668464,91.7771541748838,0.21787001793432625
T3,other,egfr,57.865543626103204,91.7771541748838,0.2018315730640764
T3,other,egfr,59.46686716552176,91.7771541748838,0.1858136089301019
T3,other,egfr,61.06819070494032,91.7771541748838,0.1698904893134484
T3,other,egfr,62.66951424435888,91.7771541748838,0.15414538257049903
T3,other,egfr,64.27083778377744,91.7771541748838,0.13866145705763666
T3,other,egfr,65.872161323196,91.7771541748838,0.1235218811312443
T3,other,egfr,67.47348486261457,91.7771541748838,0.10880982314770493
T3,other,egfr,69.07480840203313,91.7771541748838,0.09460845146340169
T3,other,egfr,70.67613194145169,91.7771541748838,0.08100093443471745
T3,other,egfr,72.27745548087024,91.7771541748838,0.06807044041803545
T3,other,egfr,73.87877902028882,91.7771541748838,0.055900137769738234
T3,other,egfr,75.48010255970738,91.7771541748838,0.04457319484620936
T3,other,egfr,77.08142609912593,91.7771541748838,0.03417278000383139
T3,other,egfr,78.6827496385445,91.7771541748838,0.024782061598987548
T3,other,egfr,80.28407317796305,91.7771541748838,0.01648420798806083
T3,other,egfr,81.88539671738161,91.7771541748838,0.009362387527434124
T3,other,egfr,83.48672025680017,91.7771541748838,0.003499768573490547
T3,other,egfr,85.08804379621873,91.7771541748838,-0.001009289074333064
T3,other,egfr,86.68936733563729,91.7771541748838,-0.003962211715330288
T3,other,egfr,88.29069087505584,91.7771541748838,-0.005095768480682272
T3,other,egfr,89.89201441447442,91.7771541748838,-0.004146059432646565
T3,other,egfr,91.49333795389298,91.7771541748838,-0.0008491846334807152
T3,other,egfr,93.09466149331153,91.7771541748838,0.00505875585455795
T3,other,egfr,94.6959850327301,91.7771541748838,0.013841661969211883
T3,other,egfr,96.29730857214867,91.7771541748838,0.02576343364822342
T3,other,egfr,97.89863211156722,91.7771541748838,0.04108797082933491
T3,other,egfr,99.49995565098578,91.7771541748838,0.060042217502928374
T3,other,egfr,101.10127919040434,91.7771541748838,0.08246225112161676
T3,other,egfr,102.7026027298229,91.7771541748838,0.1079492339304815
T3,other,egfr,104.30392626924146,91.7771541748838,0.13610111999926078
T3,other,egfr,105.90524980866002,91.7771541748838,0.16651586339769342
T3,other,egfr,107.50657334807859,91.7771541748838,0.1987914181955177
T3,other,egfr,109.10789688749715,91.7771541748838,0.2325257384624715
T3,other,egfr,110.7092204269157,91.7771541748838,0.2673167782682939
T3,other,egfr,112.31054396633427,91.7771541748838,0.3027624916827234
T3,other,egfr,113.91186750575282,91.7771541748838,0.33846427237884225
T3,other,egfr,115.51319104517138,91.7771541748838,0.37418267725378107
T3,other,egfr,117.11451458458995,91.7771541748838,0.40990108212871984
T3,other,egfr,118.71583812400851,91.7771541748838,0.4456194870036585
T3,cvd,log_uacr,0.4165882098420521,1.9436400005207741,-1.1118230922391952
T3,cvd,log_uacr,0.5396519219078556,1.9436400005207741,-1.020235986174094
T3,cvd,log_uacr,0.6627156339736591,1.9436400005207741,-0.9286488801089928
T3,cvd,log_uacr,0.7857793460394626,1.9436400005207741,-0.8370617740438916
T3,cvd,log_uacr,0.9088430581052661,1.9436400005207741,-0.7454746679787904
T3,cvd,log_uacr,1.0319067701710696,1.9436400005207741,-0.6538919931274015
T3,cvd,log_uacr,1.1549704822368732,1.9436400005207741,-0.5624494205020236
T3,cvd,log_uacr,1.2780341943026767,1.9436400005207741,-0.4714325697513354
T3,cvd,log_uacr,1.40109790636848,1.9436400005207741,-0.3811352543494564
T3,cvd,log_uacr,1.5241616184342837,1.9436400005207741,-0.29185128777050506
T3,cvd,log_uacr,1.6472253305000872,1.9436400005207741,-0.2038744834886006
T3,cvd,log_uacr,1.7702890425658908,1.9436400005207741,-0.1175343181440498
T3,cvd,log_uacr,1.8933527546316942,1.9436400005207741,-0.03348937639523153
T3,cvd,log_uacr,2.0164164666974975,1.9436400005207741,0.0474240311994405
T3,cvd,log_uacr,2.1394801787633013,1.9436400005207741,0.1243678596666864
T3,cvd,log_uacr,2.2625438908291047,1.9436400005207741,0.19650406403322696
T3,cvd,log_uacr,2.385607602894908,1.9436400005207741,0.2630771010150246
T3,cvd,log_uacr,2.508671314960712,1.9436400005207741,0.32405156446463224
T3,cvd,log_uacr,2.631735027026515,1.9436400005207741,0.3797637201904891
T3,cvd,log_uacr,2.754798739092319,1.9436400005207741,0.43055293196678757
T3,cvd,log_uacr,2.8778624511581223,1.9436400005207741,0.4767585635677196
T3,cvd,log_uacr,3.0009261632239257,1.9436400005207741,0.5187199787674766
T3,cvd,log_uacr,3.1239898752897295,1.9436400005207741,0.5567765413402512
T3,cvd,log_uacr,3.247053587355533,1.9436400005207741,0.5912676150602352
T3,cvd,log_uacr,3.370117299421336,1.9436400005207741,0.6225325637016208
T3,cvd,log_uacr,3.49318101148714,1.9436400005207741,0.6509107510385996
T3,cvd,log_uacr,3.6162447235529434,1.9436400005207741,0.6767415408453645
T3,cvd,log_uacr,3.7393084356187467,1.9436400005207741,0.7003642968961061
T3,cvd,log_uacr,3.8623721476845505,1.9436400005207741,0.7221183829650164
T3,cvd,log_uacr,3.985435859750354,1.9436400005207741,0.7423431628262891
T3,cvd,log_uacr,4.108499571816157,1.9436400005207741,0.7613780002541148
T3,cvd,log_uacr,4.231563283881961,1.9436400005207741,0.7795622590226856
T3,cvd,log_uacr,4.354626995947764,1.9436400005207741,0.7972353029061943
T3,cvd,log_uacr,4.477690708013568,1.9436400005207741,0.81472969330151
T3,cvd,log_uacr,4.6007544200793715,1.9436400005207741,0.8322167389840167
T3,cvd,log_uacr,4.723818132145175,1.9436400005207741,0.8497037846665234
T3,cvd,log_uacr,4.846881844210978,1.9436400005207741,0.8671908303490301
T3,cvd,log_uacr,4.969945556276782,1.9436400005207741,0.8846778760315368
T3,cvd,log_uacr,5.093009268342586,1.9436400005207741,0.9021649217140439
T3,cvd,log_uacr,5.216072980408389,1.9436400005207741,0.9196519673965506
T3,cvd,log_uacr,5.3391366924741925,1.9436400005207741,0.9371390130790569
T3,cvd,log_uacr,5.462200404539996,1.9436400005207741,0.9546260587615636
T3,cvd,log_uacr,5.585264116605799,1.9436400005207741,0.9721131044440707
T3,cvd,log_uacr,5.708327828671603,1.9436400005207741,0.9896001501265765
T3,cvd,log_uacr,5.831391540737407,1.9436400005207741,1.0070871958090841
T3,cvd,log_uacr,5.95445525280321,1.9436400005207741,1.0245742414915904
T3,cvd,log_uacr,6.0775189648690136,1.9436400005207741,1.0420612871740962
T3,cvd,log_uacr,6.200582676934817,1.9436400005207741,1.0595483328566047
T3,cvd,log_uacr,6.32364638900062,1.9436400005207741,1.0770353785391078
T3,cvd,log_uacr,6.446710101066424,1.9436400005207741,1.0945224242216163
T3,other,log_uacr,0.4165882098420521,1.9436400005207741,-0.24133096401833215
T3,other,log_uacr,0.5396519219078556,1.9436400005207741,-0.22653103032225227
T3,other,log_uacr,0.6627156339736591,1.9436400005207741,-0.2117310966261724
T3,other,log_uacr,0.7857793460394626,1.9436400005207741,-0.1969311629300925
T3,other,log_uacr,0.9088430581052661,1.9436400005207741,-0.18213122923401262
T3,other,log_uacr,1.0319067701710696,1.9436400005207741,-0.1673199429418224
T3,other,log_uacr,1.1549704822368732,1.9436400005207741,-0.15214972022965167
T3,other,log_uacr,1.2780341943026767,1.9436400005207741,-0.1358888147356346
T3,other,log_uacr,1.40109790636848,1.9436400005207741,-0.11778448783780232
T3,other,log_uacr,1.5241616184342837,1.9436400005207741,-0.09708400091418568
T3,other,log_uacr,1.6472253305000872,1.9436400005207741,-0.07303461534281575
T3,other,log_uacr,1.7702890425658908,1.9436400005207741,-0.04501094225369742
T3,other,log_uacr,1.8933527546316942,1.9436400005207741,-0.013562805999738636
T3,other,log_uacr,2.0164164666974975,1.9436400005207741,0.02012532689305324
T3,other,log_uacr,2.1394801787633013,1.9436400005207741,0.05486279646924519
T3,other,log_uacr,2.2625438908291047,1.9436400005207741,0.08945894277340372
T3,other,log_uacr,2.385607602894908,1.9436400005207741,0.12281315783221719
T3,other,log_uacr,2.508671314960712,1.9436400005207741,0.15461087547521535
T3,other,log_uacr,2.631735027026515,1.9436400005207741,0.18494321572616346
T3,other,log_uacr,2.754798739092319,1.9436400005207741,0.2139046800905774
T3,other,log_uacr,2.8778624511581223,1.9436400005207741,0.24158977007397275
T3,other,log_uacr,3.0009261632239257,1.9436400005207741,0.26809298718186547
T3,other,log_uacr,3.1239898752897295,1.9436400005207741,0.2935088329197716
T3,other,log_uacr,3.247053587355533,1.9436400005207741,0.3179318087932058
T3,other,log_uacr,3.370117299421336,1.9436400005207741,0.3414564163076854
T3,other,log_uacr,3.49318101148714,1.9436400005207741,0.36417715696872544
T3,other,log_uacr,3.6162447235529434,1.9436400005207741,0.3861885322818408
T3,other,log_uacr,3.7393084356187467,1.9436400005207741,0.4075850437525498
T3,other,log_uacr,3.8623721476845505,1.9436400005207741,0.4284611928863653
T3,other,log_uacr,3.985435859750354,1.9436400005207741,0.4489114811888023
T3,other,log_uacr,4.108499571816157,1.9436400005207741,0.4690304101653836
T3,other,log_uacr,4.231563283881961,1.9436400005207741,0.4889124813216169
T3,other,log_uacr,4.354626995947764,1.9436400005207741,0.5086521961630216
T3,other,log_uacr,4.477690708013568,1.9436400005207741,0.5283421619596426
T3,other,log_uacr,4.6007544200793715,1.9436400005207741,0.5480300824984302
T3,other,log_uacr,4.723818132145175,1.9436400005207741,0.5677180030372172
T3,other,log_uacr,4.846881844210978,1.9436400005207741,0.5874059235760035
T3,other,log_uacr,4.969945556276782,1.9436400005207741,0.6070938441147912
T3,other,log_uacr,5.093009268342586,1.9436400005207741,0.6267817646535775
T3,other,log_uacr,5.216072980408389,1.9436400005207741,0.6464696851923643
T3,other,log_uacr,5.3391366924741925,1.9436400005207741,0.6661576057311519
T3,other,log_uacr,5.462200404539996,1.9436400005207741,0.6858455262699378
T3,other,log_uacr,5.585264116605799,1.9436400005207741,0.7055334468087263
T3,other,log_uacr,5.708327828671603,1.9436400005207741,0.7252213673475113
T3,other,log_uacr,5.831391540737407,1.9436400005207741,0.7449092878862998
T3,other,log_uacr,5.95445525280321,1.9436400005207741,0.7645972084250862
T3,other,log_uacr,6.0775189648690136,1.9436400005207741,0.7842851289638725
T3,other,log_uacr,6.200582676934817,1.9436400005207741,0.8039730495026606
T3,other,log_uacr,6.32364638900062,1.9436400005207741,0.8236609700414433
T3,other,log_uacr,6.446710101066424,1.9436400005207741,0.843348890580235
